/*
 * Copyright (c) 2013-2017 ARM Limited. All rights reserved.
 *
 * SPDX-License-Identifier: Apache-2.0
 *
 * Licensed under the Apache License, Version 2.0 (the License); you may
 * not use this file except in compliance with the License.
 * You may obtain a copy of the License at
 *
 * www.apache.org/licenses/LICENSE-2.0
 *
 * Unless required by applicable law or agreed to in writing, software
 * distributed under the License is distributed on an AS IS BASIS, WITHOUT
 * WARRANTIES OR CONDITIONS OF ANY KIND, either express or implied.
 * See the License for the specific language governing permissions and
 * limitations under the License.
 *
 * ----------------------------------------------------------------------
 *
 * $Date:        1. December 2017
 * $Revision:    V2.0.0
 *
 * Project:      CMSIS-DAP Source
 * Title:        SW_DP.c CMSIS-DAP SW DP I/O
 *
 *---------------------------------------------------------------------------*/

#include "DAP_config.h"
#include "DAP.h"
#include "SW_DP.h"
#include "hpm_common.h"

#define SWJ_SEQUENCE_OFFSET_60M 0x00000000
#define SWD_WRITE_OFFSET_60M 0x000000fc
#define SWD_READ_OFFSET_60M 0x0000053c

#define SWJ_SEQUENCE_OFFSET_45M 0x00000000
#define SWD_WRITE_OFFSET_45M 0x00000120
#define SWD_READ_OFFSET_45M 0x0000060c

#define SWJ_SEQUENCE_OFFSET_36M 0x00000000
#define SWD_WRITE_OFFSET_36M 0x00000144
#define SWD_READ_OFFSET_36M 0x000006e0

#define SWJ_SEQUENCE_OFFSET_30M 0x00000000
#define SWD_WRITE_OFFSET_30M 0x0000016c
#define SWD_READ_OFFSET_30M 0x000007c4

#define SWJ_SEQUENCE_OFFSET_20M 0x00000000
#define SWD_WRITE_OFFSET_20M 0x000001d8
#define SWD_READ_OFFSET_20M 0x00000a54

#define SWJ_SEQUENCE_OFFSET_SLOW 0x00000010
#define SWD_WRITE_OFFSET_SLOW 0x00000138
#define SWD_READ_OFFSET_SLOW 0x00000620

// clang-format off
const uint8_t swd_func_60m[2584] =
{
	0xB7, 0x02, 0x0C, 0x00, 0x37, 0x03, 0x00, 0x40, 0xB7, 0x03, 0x00, 0x08, 0x93, 0x56, 0x35, 0x00,
    0x13, 0x77, 0x75, 0x00, 0xE1, 0xC2, 0x03, 0xC8, 0x05, 0x00, 0x85, 0x05, 0x13, 0x7E, 0x18, 0x00,
    0x72, 0x0E, 0x33, 0x6E, 0x6E, 0x00, 0x23, 0xA0, 0xC2, 0x11, 0x13, 0x58, 0x18, 0x00, 0x13, 0x7E,
    0x18, 0x00, 0x23, 0xA2, 0x72, 0x10, 0x72, 0x0E, 0x33, 0x6E, 0x6E, 0x00, 0x23, 0xA0, 0xC2, 0x11,
    0x13, 0x58, 0x18, 0x00, 0x13, 0x7E, 0x18, 0x00, 0x23, 0xA2, 0x72, 0x10, 0x72, 0x0E, 0x33, 0x6E,
    0x6E, 0x00, 0x23, 0xA0, 0xC2, 0x11, 0x13, 0x58, 0x18, 0x00, 0x13, 0x7E, 0x18, 0x00, 0x23, 0xA2,
    0x72, 0x10, 0x72, 0x0E, 0x33, 0x6E, 0x6E, 0x00, 0x23, 0xA0, 0xC2, 0x11, 0x13, 0x58, 0x18, 0x00,
    0x13, 0x7E, 0x18, 0x00, 0x23, 0xA2, 0x72, 0x10, 0x72, 0x0E, 0x33, 0x6E, 0x6E, 0x00, 0x23, 0xA0,
    0xC2, 0x11, 0x13, 0x58, 0x18, 0x00, 0x13, 0x7E, 0x18, 0x00, 0x23, 0xA2, 0x72, 0x10, 0x72, 0x0E,
    0x33, 0x6E, 0x6E, 0x00, 0x23, 0xA0, 0xC2, 0x11, 0x13, 0x58, 0x18, 0x00, 0x13, 0x7E, 0x18, 0x00,
    0x23, 0xA2, 0x72, 0x10, 0x72, 0x0E, 0x33, 0x6E, 0x6E, 0x00, 0x23, 0xA0, 0xC2, 0x11, 0x13, 0x58,
    0x18, 0x00, 0x13, 0x7E, 0x18, 0x00, 0x23, 0xA2, 0x72, 0x10, 0x72, 0x0E, 0x33, 0x6E, 0x6E, 0x00,
    0x23, 0xA0, 0xC2, 0x11, 0x13, 0x58, 0x18, 0x00, 0x13, 0x7E, 0x18, 0x00, 0x23, 0xA2, 0x72, 0x10,
    0xFD, 0x16, 0xB1, 0xF2, 0x15, 0xC3, 0x03, 0xC8, 0x05, 0x00, 0x13, 0x7E, 0x18, 0x00, 0x72, 0x0E,
    0x33, 0x6E, 0x6E, 0x00, 0x23, 0xA0, 0xC2, 0x11, 0x13, 0x58, 0x18, 0x00, 0x13, 0x7E, 0x18, 0x00,
    0x23, 0xA2, 0x72, 0x10, 0x7D, 0x17, 0x65, 0xF7, 0x82, 0x80, 0x01, 0x00, 0x73, 0x70, 0x04, 0x30,
    0xB7, 0x02, 0x0C, 0x00, 0x37, 0x03, 0x00, 0x40, 0xB7, 0x03, 0x00, 0x08, 0x13, 0x7E, 0x15, 0x00,
    0x72, 0x0E, 0x33, 0x6E, 0x6E, 0x00, 0x23, 0xA0, 0xC2, 0x11, 0x05, 0x81, 0x13, 0x7E, 0x15, 0x00,
    0x23, 0xA2, 0x72, 0x10, 0x72, 0x0E, 0x33, 0x6E, 0x6E, 0x00, 0x23, 0xA0, 0xC2, 0x11, 0x05, 0x81,
    0x13, 0x7E, 0x15, 0x00, 0x23, 0xA2, 0x72, 0x10, 0x72, 0x0E, 0x33, 0x6E, 0x6E, 0x00, 0x23, 0xA0,
    0xC2, 0x11, 0x05, 0x81, 0x13, 0x7E, 0x15, 0x00, 0x23, 0xA2, 0x72, 0x10, 0x72, 0x0E, 0x33, 0x6E,
    0x6E, 0x00, 0x23, 0xA0, 0xC2, 0x11, 0x05, 0x81, 0x13, 0x7E, 0x15, 0x00, 0x23, 0xA2, 0x72, 0x10,
    0x72, 0x0E, 0x33, 0x6E, 0x6E, 0x00, 0x23, 0xA0, 0xC2, 0x11, 0x05, 0x81, 0x13, 0x7E, 0x15, 0x00,
    0x23, 0xA2, 0x72, 0x10, 0x72, 0x0E, 0x33, 0x6E, 0x6E, 0x00, 0x23, 0xA0, 0xC2, 0x11, 0x05, 0x81,
    0x13, 0x7E, 0x15, 0x00, 0x23, 0xA2, 0x72, 0x10, 0x72, 0x0E, 0x33, 0x6E, 0x6E, 0x00, 0x23, 0xA0,
    0xC2, 0x11, 0x05, 0x81, 0x13, 0x7E, 0x15, 0x00, 0x23, 0xA2, 0x72, 0x10, 0x72, 0x0E, 0x33, 0x6E,
    0x6E, 0x00, 0x23, 0xA0, 0xC2, 0x11, 0x05, 0x81, 0x13, 0x7E, 0x15, 0x00, 0x23, 0xA2, 0x72, 0x10,
    0x83, 0xAF, 0x05, 0x00, 0x37, 0x0E, 0x00, 0x10, 0x23, 0xA4, 0x72, 0x10, 0x23, 0xA4, 0x62, 0x10,
    0x23, 0xA4, 0xC2, 0x21, 0x23, 0xA2, 0x72, 0x10, 0x93, 0x97, 0x2F, 0x60, 0x85, 0x8B, 0x23, 0xA4,
    0x72, 0x10, 0x01, 0x00, 0x01, 0x00, 0x23, 0xA2, 0x72, 0x10, 0x01, 0x00, 0x01, 0x00, 0x23, 0xA4,
    0x72, 0x10, 0x01, 0x00, 0x01, 0x00, 0x23, 0xA2, 0x72, 0x10, 0x01, 0x00, 0x01, 0x00, 0x23, 0xA4,
    0x72, 0x10, 0x01, 0x00, 0x01, 0x00, 0x23, 0xA2, 0x72, 0x10, 0x03, 0xA8, 0x02, 0x00, 0x01, 0x00,
    0x23, 0xA4, 0x72, 0x10, 0x13, 0x55, 0xC8, 0x49, 0x01, 0x00, 0x23, 0xA2, 0x72, 0x10, 0x03, 0xA8,
    0x02, 0x00, 0x01, 0x00, 0x05, 0x4E, 0x13, 0x58, 0xC8, 0x49, 0x33, 0x25, 0xA8, 0x20, 0xB7, 0x0E,
    0x00, 0x10, 0x03, 0xA8, 0x02, 0x00, 0x23, 0xA2, 0xD2, 0x21, 0x13, 0x58, 0xC8, 0x49, 0x33, 0x45,
    0xA8, 0x20, 0x63, 0x16, 0xC5, 0x2F, 0x13, 0xFE, 0x1F, 0x00, 0x72, 0x0E, 0x33, 0x6E, 0x6E, 0x00,
    0x23, 0xA0, 0xC2, 0x11, 0x93, 0xDF, 0x1F, 0x00, 0x13, 0xFE, 0x1F, 0x00, 0x23, 0xA2, 0x72, 0x10,
    0x72, 0x0E, 0x33, 0x6E, 0x6E, 0x00, 0x23, 0xA0, 0xC2, 0x11, 0x93, 0xDF, 0x1F, 0x00, 0x13, 0xFE,
    0x1F, 0x00, 0x23, 0xA2, 0x72, 0x10, 0x72, 0x0E, 0x33, 0x6E, 0x6E, 0x00, 0x23, 0xA0, 0xC2, 0x11,
    0x93, 0xDF, 0x1F, 0x00, 0x13, 0xFE, 0x1F, 0x00, 0x23, 0xA2, 0x72, 0x10, 0x72, 0x0E, 0x33, 0x6E,
    0x6E, 0x00, 0x23, 0xA0, 0xC2, 0x11, 0x93, 0xDF, 0x1F, 0x00, 0x13, 0xFE, 0x1F, 0x00, 0x23, 0xA2,
    0x72, 0x10, 0x72, 0x0E, 0x33, 0x6E, 0x6E, 0x00, 0x23, 0xA0, 0xC2, 0x11, 0x93, 0xDF, 0x1F, 0x00,
    0x13, 0xFE, 0x1F, 0x00, 0x23, 0xA2, 0x72, 0x10, 0x72, 0x0E, 0x33, 0x6E, 0x6E, 0x00, 0x23, 0xA0,
    0xC2, 0x11, 0x93, 0xDF, 0x1F, 0x00, 0x13, 0xFE, 0x1F, 0x00, 0x23, 0xA2, 0x72, 0x10, 0x72, 0x0E,
    0x33, 0x6E, 0x6E, 0x00, 0x23, 0xA0, 0xC2, 0x11, 0x93, 0xDF, 0x1F, 0x00, 0x13, 0xFE, 0x1F, 0x00,
    0x23, 0xA2, 0x72, 0x10, 0x72, 0x0E, 0x33, 0x6E, 0x6E, 0x00, 0x23, 0xA0, 0xC2, 0x11, 0x93, 0xDF,
    0x1F, 0x00, 0x13, 0xFE, 0x1F, 0x00, 0x23, 0xA2, 0x72, 0x10, 0x72, 0x0E, 0x33, 0x6E, 0x6E, 0x00,
    0x23, 0xA0, 0xC2, 0x11, 0x93, 0xDF, 0x1F, 0x00, 0x13, 0xFE, 0x1F, 0x00, 0x23, 0xA2, 0x72, 0x10,
    0x72, 0x0E, 0x33, 0x6E, 0x6E, 0x00, 0x23, 0xA0, 0xC2, 0x11, 0x93, 0xDF, 0x1F, 0x00, 0x13, 0xFE,
    0x1F, 0x00, 0x23, 0xA2, 0x72, 0x10, 0x72, 0x0E, 0x33, 0x6E, 0x6E, 0x00, 0x23, 0xA0, 0xC2, 0x11,
    0x93, 0xDF, 0x1F, 0x00, 0x13, 0xFE, 0x1F, 0x00, 0x23, 0xA2, 0x72, 0x10, 0x72, 0x0E, 0x33, 0x6E,
    0x6E, 0x00, 0x23, 0xA0, 0xC2, 0x11, 0x93, 0xDF, 0x1F, 0x00, 0x13, 0xFE, 0x1F, 0x00, 0x23, 0xA2,
    0x72, 0x10, 0x72, 0x0E, 0x33, 0x6E, 0x6E, 0x00, 0x23, 0xA0, 0xC2, 0x11, 0x93, 0xDF, 0x1F, 0x00,
    0x13, 0xFE, 0x1F, 0x00, 0x23, 0xA2, 0x72, 0x10, 0x72, 0x0E, 0x33, 0x6E, 0x6E, 0x00, 0x23, 0xA0,
    0xC2, 0x11, 0x93, 0xDF, 0x1F, 0x00, 0x13, 0xFE, 0x1F, 0x00, 0x23, 0xA2, 0x72, 0x10, 0x72, 0x0E,
    0x33, 0x6E, 0x6E, 0x00, 0x23, 0xA0, 0xC2, 0x11, 0x93, 0xDF, 0x1F, 0x00, 0x13, 0xFE, 0x1F, 0x00,
    0x23, 0xA2, 0x72, 0x10, 0x72, 0x0E, 0x33, 0x6E, 0x6E, 0x00, 0x23, 0xA0, 0xC2, 0x11, 0x93, 0xDF,
    0x1F, 0x00, 0x13, 0xFE, 0x1F, 0x00, 0x23, 0xA2, 0x72, 0x10, 0x72, 0x0E, 0x33, 0x6E, 0x6E, 0x00,
    0x23, 0xA0, 0xC2, 0x11, 0x93, 0xDF, 0x1F, 0x00, 0x13, 0xFE, 0x1F, 0x00, 0x23, 0xA2, 0x72, 0x10,
    0x72, 0x0E, 0x33, 0x6E, 0x6E, 0x00, 0x23, 0xA0, 0xC2, 0x11, 0x93, 0xDF, 0x1F, 0x00, 0x13, 0xFE,
    0x1F, 0x00, 0x23, 0xA2, 0x72, 0x10, 0x72, 0x0E, 0x33, 0x6E, 0x6E, 0x00, 0x23, 0xA0, 0xC2, 0x11,
    0x93, 0xDF, 0x1F, 0x00, 0x13, 0xFE, 0x1F, 0x00, 0x23, 0xA2, 0x72, 0x10, 0x72, 0x0E, 0x33, 0x6E,
    0x6E, 0x00, 0x23, 0xA0, 0xC2, 0x11, 0x93, 0xDF, 0x1F, 0x00, 0x13, 0xFE, 0x1F, 0x00, 0x23, 0xA2,
    0x72, 0x10, 0x72, 0x0E, 0x33, 0x6E, 0x6E, 0x00, 0x23, 0xA0, 0xC2, 0x11, 0x93, 0xDF, 0x1F, 0x00,
    0x13, 0xFE, 0x1F, 0x00, 0x23, 0xA2, 0x72, 0x10, 0x72, 0x0E, 0x33, 0x6E, 0x6E, 0x00, 0x23, 0xA0,
    0xC2, 0x11, 0x93, 0xDF, 0x1F, 0x00, 0x13, 0xFE, 0x1F, 0x00, 0x23, 0xA2, 0x72, 0x10, 0x72, 0x0E,
    0x33, 0x6E, 0x6E, 0x00, 0x23, 0xA0, 0xC2, 0x11, 0x93, 0xDF, 0x1F, 0x00, 0x13, 0xFE, 0x1F, 0x00,
    0x23, 0xA2, 0x72, 0x10, 0x72, 0x0E, 0x33, 0x6E, 0x6E, 0x00, 0x23, 0xA0, 0xC2, 0x11, 0x93, 0xDF,
    0x1F, 0x00, 0x13, 0xFE, 0x1F, 0x00, 0x23, 0xA2, 0x72, 0x10, 0x72, 0x0E, 0x33, 0x6E, 0x6E, 0x00,
    0x23, 0xA0, 0xC2, 0x11, 0x93, 0xDF, 0x1F, 0x00, 0x13, 0xFE, 0x1F, 0x00, 0x23, 0xA2, 0x72, 0x10,
    0x72, 0x0E, 0x33, 0x6E, 0x6E, 0x00, 0x23, 0xA0, 0xC2, 0x11, 0x93, 0xDF, 0x1F, 0x00, 0x13, 0xFE,
    0x1F, 0x00, 0x23, 0xA2, 0x72, 0x10, 0x72, 0x0E, 0x33, 0x6E, 0x6E, 0x00, 0x23, 0xA0, 0xC2, 0x11,
    0x93, 0xDF, 0x1F, 0x00, 0x13, 0xFE, 0x1F, 0x00, 0x23, 0xA2, 0x72, 0x10, 0x72, 0x0E, 0x33, 0x6E,
    0x6E, 0x00, 0x23, 0xA0, 0xC2, 0x11, 0x93, 0xDF, 0x1F, 0x00, 0x13, 0xFE, 0x1F, 0x00, 0x23, 0xA2,
    0x72, 0x10, 0x72, 0x0E, 0x33, 0x6E, 0x6E, 0x00, 0x23, 0xA0, 0xC2, 0x11, 0x93, 0xDF, 0x1F, 0x00,
    0x13, 0xFE, 0x1F, 0x00, 0x23, 0xA2, 0x72, 0x10, 0x72, 0x0E, 0x33, 0x6E, 0x6E, 0x00, 0x23, 0xA0,
    0xC2, 0x11, 0x93, 0xDF, 0x1F, 0x00, 0x13, 0xFE, 0x1F, 0x00, 0x23, 0xA2, 0x72, 0x10, 0x72, 0x0E,
    0x33, 0x6E, 0x6E, 0x00, 0x23, 0xA0, 0xC2, 0x11, 0x93, 0xDF, 0x1F, 0x00, 0x13, 0xFE, 0x1F, 0x00,
    0x23, 0xA2, 0x72, 0x10, 0x72, 0x0E, 0x33, 0x6E, 0x6E, 0x00, 0x23, 0xA0, 0xC2, 0x11, 0x93, 0xDF,
    0x1F, 0x00, 0x13, 0xFE, 0x1F, 0x00, 0x23, 0xA2, 0x72, 0x10, 0x13, 0x9E, 0xC7, 0x01, 0x33, 0x6E,
    0x6E, 0x00, 0x23, 0xA0, 0xC2, 0x11, 0xB7, 0x0E, 0x00, 0x10, 0x01, 0x00, 0x23, 0xA2, 0x72, 0x10,
    0x01, 0x00, 0x01, 0x00, 0x23, 0xA2, 0xD2, 0x11, 0x73, 0x60, 0x04, 0x30, 0x82, 0x80, 0x89, 0x4E,
    0x11, 0x4F, 0x63, 0x05, 0xD5, 0x01, 0x63, 0x03, 0xE5, 0x01, 0x09, 0xA0, 0xB7, 0x0E, 0x00, 0x10,
    0x23, 0xA2, 0xD2, 0x11, 0x73, 0x60, 0x04, 0x30, 0x82, 0x80, 0x01, 0x00, 0x73, 0x70, 0x04, 0x30,
    0xB7, 0x02, 0x0C, 0x00, 0x37, 0x03, 0x00, 0x40, 0xB7, 0x03, 0x00, 0x08, 0x13, 0x7E, 0x15, 0x00,
    0x72, 0x0E, 0x33, 0x6E, 0x6E, 0x00, 0x23, 0xA0, 0xC2, 0x11, 0x05, 0x81, 0x13, 0x7E, 0x15, 0x00,
    0x23, 0xA2, 0x72, 0x10, 0x72, 0x0E, 0x33, 0x6E, 0x6E, 0x00, 0x23, 0xA0, 0xC2, 0x11, 0x05, 0x81,
    0x13, 0x7E, 0x15, 0x00, 0x23, 0xA2, 0x72, 0x10, 0x72, 0x0E, 0x33, 0x6E, 0x6E, 0x00, 0x23, 0xA0,
    0xC2, 0x11, 0x05, 0x81, 0x13, 0x7E, 0x15, 0x00, 0x23, 0xA2, 0x72, 0x10, 0x72, 0x0E, 0x33, 0x6E,
    0x6E, 0x00, 0x23, 0xA0, 0xC2, 0x11, 0x05, 0x81, 0x13, 0x7E, 0x15, 0x00, 0x23, 0xA2, 0x72, 0x10,
    0x72, 0x0E, 0x33, 0x6E, 0x6E, 0x00, 0x23, 0xA0, 0xC2, 0x11, 0x05, 0x81, 0x13, 0x7E, 0x15, 0x00,
    0x23, 0xA2, 0x72, 0x10, 0x72, 0x0E, 0x33, 0x6E, 0x6E, 0x00, 0x23, 0xA0, 0xC2, 0x11, 0x05, 0x81,
    0x13, 0x7E, 0x15, 0x00, 0x23, 0xA2, 0x72, 0x10, 0x72, 0x0E, 0x33, 0x6E, 0x6E, 0x00, 0x23, 0xA0,
    0xC2, 0x11, 0x05, 0x81, 0x13, 0x7E, 0x15, 0x00, 0x23, 0xA2, 0x72, 0x10, 0x72, 0x0E, 0x33, 0x6E,
    0x6E, 0x00, 0x23, 0xA0, 0xC2, 0x11, 0x05, 0x81, 0x13, 0x7E, 0x15, 0x00, 0x23, 0xA2, 0x72, 0x10,
    0x01, 0x00, 0x37, 0x0E, 0x00, 0x10, 0x23, 0xA4, 0x72, 0x10, 0x23, 0xA4, 0x62, 0x10, 0x23, 0xA4,
    0xC2, 0x21, 0x23, 0xA2, 0x72, 0x10, 0x01, 0x00, 0x93, 0x07, 0x00, 0x00, 0x23, 0xA4, 0x72, 0x10,
    0x01, 0x00, 0x01, 0x00, 0x23, 0xA2, 0x72, 0x10, 0x01, 0x00, 0x01, 0x00, 0x23, 0xA4, 0x72, 0x10,
    0x01, 0x00, 0x01, 0x00, 0x23, 0xA2, 0x72, 0x10, 0x01, 0x00, 0x01, 0x00, 0x23, 0xA4, 0x72, 0x10,
    0x01, 0x00, 0x01, 0x00, 0x23, 0xA2, 0x72, 0x10, 0x03, 0xA8, 0x02, 0x00, 0x01, 0x00, 0x13, 0x55,
    0xC8, 0x49, 0x01, 0x00, 0x01, 0x00, 0x01, 0x00, 0x03, 0xA8, 0x02, 0x00, 0x01, 0x00, 0x13, 0x58,
    0xC8, 0x49, 0x33, 0x25, 0xA8, 0x20, 0x01, 0x00, 0xB7, 0x0F, 0x00, 0x80, 0x03, 0xA8, 0x02, 0x00,
    0x05, 0x4E, 0x13, 0x58, 0xC8, 0x49, 0x33, 0x45, 0xA8, 0x20, 0x63, 0x1F, 0xC5, 0x35, 0x23, 0xA4,
    0x72, 0x10, 0x93, 0x0E, 0x00, 0x00, 0x93, 0x07, 0x00, 0x00, 0x23, 0xA2, 0x72, 0x10, 0x37, 0x0E,
    0x00, 0x80, 0x01, 0x00, 0x23, 0xA4, 0x72, 0x10, 0x01, 0x00, 0x01, 0x00, 0x23, 0xA2, 0x72, 0x10,
    0x01, 0x00, 0x01, 0x00, 0x23, 0xA4, 0x72, 0x10, 0x01, 0x00, 0x01, 0x00, 0x23, 0xA2, 0x72, 0x10,
    0x03, 0xA8, 0x02, 0x00, 0x01, 0x00, 0x23, 0xA4, 0x72, 0x10, 0x93, 0x5F, 0xC8, 0x49, 0xB3, 0xE7,
    0xF7, 0x01, 0x23, 0xA2, 0x72, 0x10, 0x03, 0xA8, 0x02, 0x00, 0x93, 0xD7, 0x17, 0x60, 0x23, 0xA4,
    0x72, 0x10, 0x93, 0x5F, 0xC8, 0x49, 0xB3, 0xE7, 0xF7, 0x01, 0x23, 0xA2, 0x72, 0x10, 0x03, 0xA8,
    0x02, 0x00, 0x93, 0xD7, 0x17, 0x60, 0x23, 0xA4, 0x72, 0x10, 0x93, 0x5F, 0xC8, 0x49, 0xB3, 0xE7,
    0xF7, 0x01, 0x23, 0xA2, 0x72, 0x10, 0x03, 0xA8, 0x02, 0x00, 0x93, 0xD7, 0x17, 0x60, 0x23, 0xA4,
    0x72, 0x10, 0x93, 0x5F, 0xC8, 0x49, 0xB3, 0xE7, 0xF7, 0x01, 0x23, 0xA2, 0x72, 0x10, 0x03, 0xA8,
    0x02, 0x00, 0x93, 0xD7, 0x17, 0x60, 0x23, 0xA4, 0x72, 0x10, 0x93, 0x5F, 0xC8, 0x49, 0xB3, 0xE7,
    0xF7, 0x01, 0x23, 0xA2, 0x72, 0x10, 0x03, 0xA8, 0x02, 0x00, 0x93, 0xD7, 0x17, 0x60, 0x23, 0xA4,
    0x72, 0x10, 0x93, 0x5F, 0xC8, 0x49, 0xB3, 0xE7, 0xF7, 0x01, 0x23, 0xA2, 0x72, 0x10, 0x03, 0xA8,
    0x02, 0x00, 0x93, 0xD7, 0x17, 0x60, 0x23, 0xA4, 0x72, 0x10, 0x93, 0x5F, 0xC8, 0x49, 0xB3, 0xE7,
    0xF7, 0x01, 0x23, 0xA2, 0x72, 0x10, 0x03, 0xA8, 0x02, 0x00, 0x93, 0xD7, 0x17, 0x60, 0x23, 0xA4,
    0x72, 0x10, 0x93, 0x5F, 0xC8, 0x49, 0xB3, 0xE7, 0xF7, 0x01, 0x23, 0xA2, 0x72, 0x10, 0x03, 0xA8,
    0x02, 0x00, 0x93, 0xD7, 0x17, 0x60, 0x23, 0xA4, 0x72, 0x10, 0x93, 0x5F, 0xC8, 0x49, 0xB3, 0xE7,
    0xF7, 0x01, 0x23, 0xA2, 0x72, 0x10, 0x03, 0xA8, 0x02, 0x00, 0x93, 0xD7, 0x17, 0x60, 0x23, 0xA4,
    0x72, 0x10, 0x93, 0x5F, 0xC8, 0x49, 0xB3, 0xE7, 0xF7, 0x01, 0x23, 0xA2, 0x72, 0x10, 0x03, 0xA8,
    0x02, 0x00, 0x93, 0xD7, 0x17, 0x60, 0x23, 0xA4, 0x72, 0x10, 0x93, 0x5F, 0xC8, 0x49, 0xB3, 0xE7,
    0xF7, 0x01, 0x23, 0xA2, 0x72, 0x10, 0x03, 0xA8, 0x02, 0x00, 0x93, 0xD7, 0x17, 0x60, 0x23, 0xA4,
    0x72, 0x10, 0x93, 0x5F, 0xC8, 0x49, 0xB3, 0xE7, 0xF7, 0x01, 0x23, 0xA2, 0x72, 0x10, 0x03, 0xA8,
    0x02, 0x00, 0x93, 0xD7, 0x17, 0x60, 0x23, 0xA4, 0x72, 0x10, 0x93, 0x5F, 0xC8, 0x49, 0xB3, 0xE7,
    0xF7, 0x01, 0x23, 0xA2, 0x72, 0x10, 0x03, 0xA8, 0x02, 0x00, 0x93, 0xD7, 0x17, 0x60, 0x23, 0xA4,
    0x72, 0x10, 0x93, 0x5F, 0xC8, 0x49, 0xB3, 0xE7, 0xF7, 0x01, 0x23, 0xA2, 0x72, 0x10, 0x03, 0xA8,
    0x02, 0x00, 0x93, 0xD7, 0x17, 0x60, 0x23, 0xA4, 0x72, 0x10, 0x93, 0x5F, 0xC8, 0x49, 0xB3, 0xE7,
    0xF7, 0x01, 0x23, 0xA2, 0x72, 0x10, 0x03, 0xA8, 0x02, 0x00, 0x93, 0xD7, 0x17, 0x60, 0x23, 0xA4,
    0x72, 0x10, 0x93, 0x5F, 0xC8, 0x49, 0xB3, 0xE7, 0xF7, 0x01, 0x23, 0xA2, 0x72, 0x10, 0x03, 0xA8,
    0x02, 0x00, 0x93, 0xD7, 0x17, 0x60, 0x23, 0xA4, 0x72, 0x10, 0x93, 0x5F, 0xC8, 0x49, 0xB3, 0xE7,
    0xF7, 0x01, 0x23, 0xA2, 0x72, 0x10, 0x03, 0xA8, 0x02, 0x00, 0x93, 0xD7, 0x17, 0x60, 0x23, 0xA4,
    0x72, 0x10, 0x93, 0x5F, 0xC8, 0x49, 0xB3, 0xE7, 0xF7, 0x01, 0x23, 0xA2, 0x72, 0x10, 0x03, 0xA8,
    0x02, 0x00, 0x93, 0xD7, 0x17, 0x60, 0x23, 0xA4, 0x72, 0x10, 0x93, 0x5F, 0xC8, 0x49, 0xB3, 0xE7,
    0xF7, 0x01, 0x23, 0xA2, 0x72, 0x10, 0x03, 0xA8, 0x02, 0x00, 0x93, 0xD7, 0x17, 0x60, 0x23, 0xA4,
    0x72, 0x10, 0x93, 0x5F, 0xC8, 0x49, 0xB3, 0xE7, 0xF7, 0x01, 0x23, 0xA2, 0x72, 0x10, 0x03, 0xA8,
    0x02, 0x00, 0x93, 0xD7, 0x17, 0x60, 0x23, 0xA4, 0x72, 0x10, 0x93, 0x5F, 0xC8, 0x49, 0xB3, 0xE7,
    0xF7, 0x01, 0x23, 0xA2, 0x72, 0x10, 0x03, 0xA8, 0x02, 0x00, 0x93, 0xD7, 0x17, 0x60, 0x23, 0xA4,
    0x72, 0x10, 0x93, 0x5F, 0xC8, 0x49, 0xB3, 0xE7, 0xF7, 0x01, 0x23, 0xA2, 0x72, 0x10, 0x03, 0xA8,
    0x02, 0x00, 0x93, 0xD7, 0x17, 0x60, 0x23, 0xA4, 0x72, 0x10, 0x93, 0x5F, 0xC8, 0x49, 0xB3, 0xE7,
    0xF7, 0x01, 0x23, 0xA2, 0x72, 0x10, 0x03, 0xA8, 0x02, 0x00, 0x93, 0xD7, 0x17, 0x60, 0x23, 0xA4,
    0x72, 0x10, 0x93, 0x5F, 0xC8, 0x49, 0xB3, 0xE7, 0xF7, 0x01, 0x23, 0xA2, 0x72, 0x10, 0x03, 0xA8,
    0x02, 0x00, 0x93, 0xD7, 0x17, 0x60, 0x23, 0xA4, 0x72, 0x10, 0x93, 0x5F, 0xC8, 0x49, 0xB3, 0xE7,
    0xF7, 0x01, 0x23, 0xA2, 0x72, 0x10, 0x03, 0xA8, 0x02, 0x00, 0x93, 0xD7, 0x17, 0x60, 0x23, 0xA4,
    0x72, 0x10, 0x93, 0x5F, 0xC8, 0x49, 0xB3, 0xE7, 0xF7, 0x01, 0x23, 0xA2, 0x72, 0x10, 0x03, 0xA8,
    0x02, 0x00, 0x93, 0xD7, 0x17, 0x60, 0x23, 0xA4, 0x72, 0x10, 0x93, 0x5F, 0xC8, 0x49, 0xB3, 0xE7,
    0xF7, 0x01, 0x23, 0xA2, 0x72, 0x10, 0x03, 0xA8, 0x02, 0x00, 0x93, 0xD7, 0x17, 0x60, 0x23, 0xA4,
    0x72, 0x10, 0x93, 0x5F, 0xC8, 0x49, 0xB3, 0xE7, 0xF7, 0x01, 0x23, 0xA2, 0x72, 0x10, 0x03, 0xA8,
    0x02, 0x00, 0x93, 0xD7, 0x17, 0x60, 0x23, 0xA4, 0x72, 0x10, 0x93, 0x5F, 0xC8, 0x49, 0xB3, 0xE7,
    0xF7, 0x01, 0x23, 0xA2, 0x72, 0x10, 0x03, 0xA8, 0x02, 0x00, 0x93, 0xD7, 0x17, 0x60, 0x23, 0xA4,
    0x72, 0x10, 0x93, 0x5F, 0xC8, 0x49, 0xB3, 0xE7, 0xF7, 0x01, 0x23, 0xA2, 0x72, 0x10, 0x03, 0xA8,
    0x02, 0x00, 0x93, 0xD7, 0x17, 0x60, 0x23, 0xA4, 0x72, 0x10, 0x93, 0x5F, 0xC8, 0x49, 0xB3, 0xE7,
    0xF7, 0x01, 0x23, 0xA2, 0x72, 0x10, 0x03, 0xA8, 0x02, 0x00, 0x93, 0xD7, 0x17, 0x60, 0x85, 0x83,
    0x0E, 0x08, 0x33, 0x78, 0xC8, 0x01, 0xB3, 0xE7, 0x07, 0x01, 0x83, 0xAE, 0x02, 0x00, 0x23, 0xA2,
    0x62, 0x10, 0x93, 0xDE, 0xCE, 0x49, 0x13, 0x9F, 0x27, 0x60, 0x13, 0x7F, 0x1F, 0x00, 0x37, 0x0E,
    0x00, 0x10, 0x23, 0xA2, 0xC2, 0x21, 0x23, 0xA2, 0xC2, 0x11, 0x9C, 0xC1, 0x63, 0x83, 0xEE, 0x01,
    0x21, 0x45, 0x73, 0x60, 0x04, 0x30, 0x82, 0x80, 0x89, 0x4E, 0x11, 0x4F, 0x63, 0x05, 0xD5, 0x01,
    0x63, 0x03, 0xE5, 0x01, 0x05, 0xA0, 0x23, 0xA4, 0x72, 0x10, 0x23, 0xA2, 0x62, 0x10, 0x37, 0x0E,
    0x00, 0x10, 0x23, 0xA2, 0x72, 0x10, 0x23, 0xA2, 0xC2, 0x11, 0x23, 0xA2, 0xC2, 0x21, 0x73, 0x60,
    0x04, 0x30, 0x82, 0x80, 0x23, 0xA4, 0x72, 0x10, 0x23, 0xA2, 0x62, 0x10, 0x37, 0x0E, 0x00, 0x10,
    0x23, 0xA2, 0x72, 0x10, 0x01, 0x00, 0x01, 0x00, 0x23, 0xA2, 0xC2, 0x11, 0x23, 0xA2, 0xC2, 0x21,
    0x73, 0x60, 0x04, 0x30, 0x82, 0x80, 0x01, 0x00,
};

const uint8_t swd_func_45m[2968] = 
{
    0xB7, 0x02, 0x0C, 0x00, 0x37, 0x03, 0x00, 0x40, 0xB7, 0x03, 0x00, 0x08, 0x93, 0x56, 0x35, 0x00,
    0x13, 0x77, 0x75, 0x00, 0xE5, 0xC2, 0x03, 0xC8, 0x05, 0x00, 0x85, 0x05, 0x13, 0x7E, 0x18, 0x00,
    0x72, 0x0E, 0x33, 0x6E, 0x6E, 0x00, 0x23, 0xA0, 0xC2, 0x11, 0x01, 0x00, 0x13, 0x58, 0x18, 0x00,
    0x13, 0x7E, 0x18, 0x00, 0x23, 0xA2, 0x72, 0x10, 0x01, 0x00, 0x72, 0x0E, 0x33, 0x6E, 0x6E, 0x00,
    0x23, 0xA0, 0xC2, 0x11, 0x01, 0x00, 0x13, 0x58, 0x18, 0x00, 0x13, 0x7E, 0x18, 0x00, 0x23, 0xA2,
    0x72, 0x10, 0x01, 0x00, 0x72, 0x0E, 0x33, 0x6E, 0x6E, 0x00, 0x23, 0xA0, 0xC2, 0x11, 0x01, 0x00,
    0x13, 0x58, 0x18, 0x00, 0x13, 0x7E, 0x18, 0x00, 0x23, 0xA2, 0x72, 0x10, 0x01, 0x00, 0x72, 0x0E,
    0x33, 0x6E, 0x6E, 0x00, 0x23, 0xA0, 0xC2, 0x11, 0x01, 0x00, 0x13, 0x58, 0x18, 0x00, 0x13, 0x7E,
    0x18, 0x00, 0x23, 0xA2, 0x72, 0x10, 0x01, 0x00, 0x72, 0x0E, 0x33, 0x6E, 0x6E, 0x00, 0x23, 0xA0,
    0xC2, 0x11, 0x01, 0x00, 0x13, 0x58, 0x18, 0x00, 0x13, 0x7E, 0x18, 0x00, 0x23, 0xA2, 0x72, 0x10,
    0x01, 0x00, 0x72, 0x0E, 0x33, 0x6E, 0x6E, 0x00, 0x23, 0xA0, 0xC2, 0x11, 0x01, 0x00, 0x13, 0x58,
    0x18, 0x00, 0x13, 0x7E, 0x18, 0x00, 0x23, 0xA2, 0x72, 0x10, 0x01, 0x00, 0x72, 0x0E, 0x33, 0x6E,
    0x6E, 0x00, 0x23, 0xA0, 0xC2, 0x11, 0x01, 0x00, 0x13, 0x58, 0x18, 0x00, 0x13, 0x7E, 0x18, 0x00,
    0x23, 0xA2, 0x72, 0x10, 0x01, 0x00, 0x72, 0x0E, 0x33, 0x6E, 0x6E, 0x00, 0x23, 0xA0, 0xC2, 0x11,
    0x01, 0x00, 0x13, 0x58, 0x18, 0x00, 0x13, 0x7E, 0x18, 0x00, 0x23, 0xA2, 0x72, 0x10, 0x01, 0x00,
    0xFD, 0x16, 0x95, 0xF2, 0x05, 0xC7, 0x03, 0xC8, 0x05, 0x00, 0x13, 0x7E, 0x18, 0x00, 0x72, 0x0E,
    0x33, 0x6E, 0x6E, 0x00, 0x23, 0xA0, 0xC2, 0x11, 0x01, 0x00, 0x13, 0x58, 0x18, 0x00, 0x13, 0x7E,
    0x18, 0x00, 0x23, 0xA2, 0x72, 0x10, 0x01, 0x00, 0x7D, 0x17, 0x75, 0xF3, 0x82, 0x80, 0x01, 0x00,
    0x73, 0x70, 0x04, 0x30, 0xB7, 0x02, 0x0C, 0x00, 0x37, 0x03, 0x00, 0x40, 0xB7, 0x03, 0x00, 0x08,
    0x13, 0x7E, 0x15, 0x00, 0x72, 0x0E, 0x33, 0x6E, 0x6E, 0x00, 0x23, 0xA0, 0xC2, 0x11, 0x01, 0x00,
    0x05, 0x81, 0x13, 0x7E, 0x15, 0x00, 0x23, 0xA2, 0x72, 0x10, 0x01, 0x00, 0x72, 0x0E, 0x33, 0x6E,
    0x6E, 0x00, 0x23, 0xA0, 0xC2, 0x11, 0x01, 0x00, 0x05, 0x81, 0x13, 0x7E, 0x15, 0x00, 0x23, 0xA2,
    0x72, 0x10, 0x01, 0x00, 0x72, 0x0E, 0x33, 0x6E, 0x6E, 0x00, 0x23, 0xA0, 0xC2, 0x11, 0x01, 0x00,
    0x05, 0x81, 0x13, 0x7E, 0x15, 0x00, 0x23, 0xA2, 0x72, 0x10, 0x01, 0x00, 0x72, 0x0E, 0x33, 0x6E,
    0x6E, 0x00, 0x23, 0xA0, 0xC2, 0x11, 0x01, 0x00, 0x05, 0x81, 0x13, 0x7E, 0x15, 0x00, 0x23, 0xA2,
    0x72, 0x10, 0x01, 0x00, 0x72, 0x0E, 0x33, 0x6E, 0x6E, 0x00, 0x23, 0xA0, 0xC2, 0x11, 0x01, 0x00,
    0x05, 0x81, 0x13, 0x7E, 0x15, 0x00, 0x23, 0xA2, 0x72, 0x10, 0x01, 0x00, 0x72, 0x0E, 0x33, 0x6E,
    0x6E, 0x00, 0x23, 0xA0, 0xC2, 0x11, 0x01, 0x00, 0x05, 0x81, 0x13, 0x7E, 0x15, 0x00, 0x23, 0xA2,
    0x72, 0x10, 0x01, 0x00, 0x72, 0x0E, 0x33, 0x6E, 0x6E, 0x00, 0x23, 0xA0, 0xC2, 0x11, 0x01, 0x00,
    0x05, 0x81, 0x13, 0x7E, 0x15, 0x00, 0x23, 0xA2, 0x72, 0x10, 0x01, 0x00, 0x72, 0x0E, 0x33, 0x6E,
    0x6E, 0x00, 0x23, 0xA0, 0xC2, 0x11, 0x01, 0x00, 0x05, 0x81, 0x13, 0x7E, 0x15, 0x00, 0x23, 0xA2,
    0x72, 0x10, 0x01, 0x00, 0x83, 0xAF, 0x05, 0x00, 0x37, 0x0E, 0x00, 0x10, 0x23, 0xA4, 0x72, 0x10,
    0x23, 0xA4, 0x62, 0x10, 0x23, 0xA4, 0xC2, 0x21, 0x01, 0x00, 0x23, 0xA2, 0x72, 0x10, 0x01, 0x00,
    0x93, 0x97, 0x2F, 0x60, 0x85, 0x8B, 0x23, 0xA4, 0x72, 0x10, 0x01, 0x00, 0x01, 0x00, 0x01, 0x00,
    0x23, 0xA2, 0x72, 0x10, 0x01, 0x00, 0x01, 0x00, 0x01, 0x00, 0x23, 0xA4, 0x72, 0x10, 0x01, 0x00,
    0x01, 0x00, 0x01, 0x00, 0x23, 0xA2, 0x72, 0x10, 0x01, 0x00, 0x01, 0x00, 0x03, 0xA8, 0x02, 0x00,
    0x23, 0xA4, 0x72, 0x10, 0x13, 0x55, 0xC8, 0x49, 0x01, 0x00, 0x01, 0x00, 0x23, 0xA2, 0x72, 0x10,
    0x01, 0x00, 0x01, 0x00, 0x03, 0xA8, 0x02, 0x00, 0x23, 0xA4, 0x72, 0x10, 0x13, 0x58, 0xC8, 0x49,
    0x33, 0x25, 0xA8, 0x20, 0x05, 0x4E, 0x23, 0xA2, 0x72, 0x10, 0xB7, 0x0E, 0x00, 0x10, 0x01, 0x00,
    0x03, 0xA8, 0x02, 0x00, 0x23, 0xA2, 0xD2, 0x21, 0x13, 0x58, 0xC8, 0x49, 0x33, 0x45, 0xA8, 0x20,
    0x63, 0x18, 0xC5, 0x37, 0x13, 0xFE, 0x1F, 0x00, 0x72, 0x0E, 0x33, 0x6E, 0x6E, 0x00, 0x23, 0xA0,
    0xC2, 0x11, 0x01, 0x00, 0x93, 0xDF, 0x1F, 0x00, 0x13, 0xFE, 0x1F, 0x00, 0x23, 0xA2, 0x72, 0x10,
    0x01, 0x00, 0x72, 0x0E, 0x33, 0x6E, 0x6E, 0x00, 0x23, 0xA0, 0xC2, 0x11, 0x01, 0x00, 0x93, 0xDF,
    0x1F, 0x00, 0x13, 0xFE, 0x1F, 0x00, 0x23, 0xA2, 0x72, 0x10, 0x01, 0x00, 0x72, 0x0E, 0x33, 0x6E,
    0x6E, 0x00, 0x23, 0xA0, 0xC2, 0x11, 0x01, 0x00, 0x93, 0xDF, 0x1F, 0x00, 0x13, 0xFE, 0x1F, 0x00,
    0x23, 0xA2, 0x72, 0x10, 0x01, 0x00, 0x72, 0x0E, 0x33, 0x6E, 0x6E, 0x00, 0x23, 0xA0, 0xC2, 0x11,
    0x01, 0x00, 0x93, 0xDF, 0x1F, 0x00, 0x13, 0xFE, 0x1F, 0x00, 0x23, 0xA2, 0x72, 0x10, 0x01, 0x00,
    0x72, 0x0E, 0x33, 0x6E, 0x6E, 0x00, 0x23, 0xA0, 0xC2, 0x11, 0x01, 0x00, 0x93, 0xDF, 0x1F, 0x00,
    0x13, 0xFE, 0x1F, 0x00, 0x23, 0xA2, 0x72, 0x10, 0x01, 0x00, 0x72, 0x0E, 0x33, 0x6E, 0x6E, 0x00,
    0x23, 0xA0, 0xC2, 0x11, 0x01, 0x00, 0x93, 0xDF, 0x1F, 0x00, 0x13, 0xFE, 0x1F, 0x00, 0x23, 0xA2,
    0x72, 0x10, 0x01, 0x00, 0x72, 0x0E, 0x33, 0x6E, 0x6E, 0x00, 0x23, 0xA0, 0xC2, 0x11, 0x01, 0x00,
    0x93, 0xDF, 0x1F, 0x00, 0x13, 0xFE, 0x1F, 0x00, 0x23, 0xA2, 0x72, 0x10, 0x01, 0x00, 0x72, 0x0E,
    0x33, 0x6E, 0x6E, 0x00, 0x23, 0xA0, 0xC2, 0x11, 0x01, 0x00, 0x93, 0xDF, 0x1F, 0x00, 0x13, 0xFE,
    0x1F, 0x00, 0x23, 0xA2, 0x72, 0x10, 0x01, 0x00, 0x72, 0x0E, 0x33, 0x6E, 0x6E, 0x00, 0x23, 0xA0,
    0xC2, 0x11, 0x01, 0x00, 0x93, 0xDF, 0x1F, 0x00, 0x13, 0xFE, 0x1F, 0x00, 0x23, 0xA2, 0x72, 0x10,
    0x01, 0x00, 0x72, 0x0E, 0x33, 0x6E, 0x6E, 0x00, 0x23, 0xA0, 0xC2, 0x11, 0x01, 0x00, 0x93, 0xDF,
    0x1F, 0x00, 0x13, 0xFE, 0x1F, 0x00, 0x23, 0xA2, 0x72, 0x10, 0x01, 0x00, 0x72, 0x0E, 0x33, 0x6E,
    0x6E, 0x00, 0x23, 0xA0, 0xC2, 0x11, 0x01, 0x00, 0x93, 0xDF, 0x1F, 0x00, 0x13, 0xFE, 0x1F, 0x00,
    0x23, 0xA2, 0x72, 0x10, 0x01, 0x00, 0x72, 0x0E, 0x33, 0x6E, 0x6E, 0x00, 0x23, 0xA0, 0xC2, 0x11,
    0x01, 0x00, 0x93, 0xDF, 0x1F, 0x00, 0x13, 0xFE, 0x1F, 0x00, 0x23, 0xA2, 0x72, 0x10, 0x01, 0x00,
    0x72, 0x0E, 0x33, 0x6E, 0x6E, 0x00, 0x23, 0xA0, 0xC2, 0x11, 0x01, 0x00, 0x93, 0xDF, 0x1F, 0x00,
    0x13, 0xFE, 0x1F, 0x00, 0x23, 0xA2, 0x72, 0x10, 0x01, 0x00, 0x72, 0x0E, 0x33, 0x6E, 0x6E, 0x00,
    0x23, 0xA0, 0xC2, 0x11, 0x01, 0x00, 0x93, 0xDF, 0x1F, 0x00, 0x13, 0xFE, 0x1F, 0x00, 0x23, 0xA2,
    0x72, 0x10, 0x01, 0x00, 0x72, 0x0E, 0x33, 0x6E, 0x6E, 0x00, 0x23, 0xA0, 0xC2, 0x11, 0x01, 0x00,
    0x93, 0xDF, 0x1F, 0x00, 0x13, 0xFE, 0x1F, 0x00, 0x23, 0xA2, 0x72, 0x10, 0x01, 0x00, 0x72, 0x0E,
    0x33, 0x6E, 0x6E, 0x00, 0x23, 0xA0, 0xC2, 0x11, 0x01, 0x00, 0x93, 0xDF, 0x1F, 0x00, 0x13, 0xFE,
    0x1F, 0x00, 0x23, 0xA2, 0x72, 0x10, 0x01, 0x00, 0x72, 0x0E, 0x33, 0x6E, 0x6E, 0x00, 0x23, 0xA0,
    0xC2, 0x11, 0x01, 0x00, 0x93, 0xDF, 0x1F, 0x00, 0x13, 0xFE, 0x1F, 0x00, 0x23, 0xA2, 0x72, 0x10,
    0x01, 0x00, 0x72, 0x0E, 0x33, 0x6E, 0x6E, 0x00, 0x23, 0xA0, 0xC2, 0x11, 0x01, 0x00, 0x93, 0xDF,
    0x1F, 0x00, 0x13, 0xFE, 0x1F, 0x00, 0x23, 0xA2, 0x72, 0x10, 0x01, 0x00, 0x72, 0x0E, 0x33, 0x6E,
    0x6E, 0x00, 0x23, 0xA0, 0xC2, 0x11, 0x01, 0x00, 0x93, 0xDF, 0x1F, 0x00, 0x13, 0xFE, 0x1F, 0x00,
    0x23, 0xA2, 0x72, 0x10, 0x01, 0x00, 0x72, 0x0E, 0x33, 0x6E, 0x6E, 0x00, 0x23, 0xA0, 0xC2, 0x11,
    0x01, 0x00, 0x93, 0xDF, 0x1F, 0x00, 0x13, 0xFE, 0x1F, 0x00, 0x23, 0xA2, 0x72, 0x10, 0x01, 0x00,
    0x72, 0x0E, 0x33, 0x6E, 0x6E, 0x00, 0x23, 0xA0, 0xC2, 0x11, 0x01, 0x00, 0x93, 0xDF, 0x1F, 0x00,
    0x13, 0xFE, 0x1F, 0x00, 0x23, 0xA2, 0x72, 0x10, 0x01, 0x00, 0x72, 0x0E, 0x33, 0x6E, 0x6E, 0x00,
    0x23, 0xA0, 0xC2, 0x11, 0x01, 0x00, 0x93, 0xDF, 0x1F, 0x00, 0x13, 0xFE, 0x1F, 0x00, 0x23, 0xA2,
    0x72, 0x10, 0x01, 0x00, 0x72, 0x0E, 0x33, 0x6E, 0x6E, 0x00, 0x23, 0xA0, 0xC2, 0x11, 0x01, 0x00,
    0x93, 0xDF, 0x1F, 0x00, 0x13, 0xFE, 0x1F, 0x00, 0x23, 0xA2, 0x72, 0x10, 0x01, 0x00, 0x72, 0x0E,
    0x33, 0x6E, 0x6E, 0x00, 0x23, 0xA0, 0xC2, 0x11, 0x01, 0x00, 0x93, 0xDF, 0x1F, 0x00, 0x13, 0xFE,
    0x1F, 0x00, 0x23, 0xA2, 0x72, 0x10, 0x01, 0x00, 0x72, 0x0E, 0x33, 0x6E, 0x6E, 0x00, 0x23, 0xA0,
    0xC2, 0x11, 0x01, 0x00, 0x93, 0xDF, 0x1F, 0x00, 0x13, 0xFE, 0x1F, 0x00, 0x23, 0xA2, 0x72, 0x10,
    0x01, 0x00, 0x72, 0x0E, 0x33, 0x6E, 0x6E, 0x00, 0x23, 0xA0, 0xC2, 0x11, 0x01, 0x00, 0x93, 0xDF,
    0x1F, 0x00, 0x13, 0xFE, 0x1F, 0x00, 0x23, 0xA2, 0x72, 0x10, 0x01, 0x00, 0x72, 0x0E, 0x33, 0x6E,
    0x6E, 0x00, 0x23, 0xA0, 0xC2, 0x11, 0x01, 0x00, 0x93, 0xDF, 0x1F, 0x00, 0x13, 0xFE, 0x1F, 0x00,
    0x23, 0xA2, 0x72, 0x10, 0x01, 0x00, 0x72, 0x0E, 0x33, 0x6E, 0x6E, 0x00, 0x23, 0xA0, 0xC2, 0x11,
    0x01, 0x00, 0x93, 0xDF, 0x1F, 0x00, 0x13, 0xFE, 0x1F, 0x00, 0x23, 0xA2, 0x72, 0x10, 0x01, 0x00,
    0x72, 0x0E, 0x33, 0x6E, 0x6E, 0x00, 0x23, 0xA0, 0xC2, 0x11, 0x01, 0x00, 0x93, 0xDF, 0x1F, 0x00,
    0x13, 0xFE, 0x1F, 0x00, 0x23, 0xA2, 0x72, 0x10, 0x01, 0x00, 0x72, 0x0E, 0x33, 0x6E, 0x6E, 0x00,
    0x23, 0xA0, 0xC2, 0x11, 0x01, 0x00, 0x93, 0xDF, 0x1F, 0x00, 0x13, 0xFE, 0x1F, 0x00, 0x23, 0xA2,
    0x72, 0x10, 0x01, 0x00, 0x72, 0x0E, 0x33, 0x6E, 0x6E, 0x00, 0x23, 0xA0, 0xC2, 0x11, 0x01, 0x00,
    0x93, 0xDF, 0x1F, 0x00, 0x13, 0xFE, 0x1F, 0x00, 0x23, 0xA2, 0x72, 0x10, 0x01, 0x00, 0x72, 0x0E,
    0x33, 0x6E, 0x6E, 0x00, 0x23, 0xA0, 0xC2, 0x11, 0x01, 0x00, 0x93, 0xDF, 0x1F, 0x00, 0x13, 0xFE,
    0x1F, 0x00, 0x23, 0xA2, 0x72, 0x10, 0x01, 0x00, 0x13, 0x9E, 0xC7, 0x01, 0x33, 0x6E, 0x6E, 0x00,
    0x23, 0xA0, 0xC2, 0x11, 0x01, 0x00, 0xB7, 0x0E, 0x00, 0x10, 0x01, 0x00, 0x23, 0xA2, 0x72, 0x10,
    0x01, 0x00, 0x01, 0x00, 0x01, 0x00, 0x23, 0xA2, 0xD2, 0x11, 0x73, 0x60, 0x04, 0x30, 0x82, 0x80,
    0x89, 0x4E, 0x11, 0x4F, 0x63, 0x05, 0xD5, 0x01, 0x63, 0x03, 0xE5, 0x01, 0x09, 0xA0, 0xB7, 0x0E,
    0x00, 0x10, 0x23, 0xA2, 0xD2, 0x11, 0x73, 0x60, 0x04, 0x30, 0x82, 0x80, 0x73, 0x70, 0x04, 0x30,
    0xB7, 0x02, 0x0C, 0x00, 0x37, 0x03, 0x00, 0x40, 0xB7, 0x03, 0x00, 0x08, 0x13, 0x7E, 0x15, 0x00,
    0x72, 0x0E, 0x33, 0x6E, 0x6E, 0x00, 0x23, 0xA0, 0xC2, 0x11, 0x01, 0x00, 0x05, 0x81, 0x13, 0x7E,
    0x15, 0x00, 0x23, 0xA2, 0x72, 0x10, 0x01, 0x00, 0x72, 0x0E, 0x33, 0x6E, 0x6E, 0x00, 0x23, 0xA0,
    0xC2, 0x11, 0x01, 0x00, 0x05, 0x81, 0x13, 0x7E, 0x15, 0x00, 0x23, 0xA2, 0x72, 0x10, 0x01, 0x00,
    0x72, 0x0E, 0x33, 0x6E, 0x6E, 0x00, 0x23, 0xA0, 0xC2, 0x11, 0x01, 0x00, 0x05, 0x81, 0x13, 0x7E,
    0x15, 0x00, 0x23, 0xA2, 0x72, 0x10, 0x01, 0x00, 0x72, 0x0E, 0x33, 0x6E, 0x6E, 0x00, 0x23, 0xA0,
    0xC2, 0x11, 0x01, 0x00, 0x05, 0x81, 0x13, 0x7E, 0x15, 0x00, 0x23, 0xA2, 0x72, 0x10, 0x01, 0x00,
    0x72, 0x0E, 0x33, 0x6E, 0x6E, 0x00, 0x23, 0xA0, 0xC2, 0x11, 0x01, 0x00, 0x05, 0x81, 0x13, 0x7E,
    0x15, 0x00, 0x23, 0xA2, 0x72, 0x10, 0x01, 0x00, 0x72, 0x0E, 0x33, 0x6E, 0x6E, 0x00, 0x23, 0xA0,
    0xC2, 0x11, 0x01, 0x00, 0x05, 0x81, 0x13, 0x7E, 0x15, 0x00, 0x23, 0xA2, 0x72, 0x10, 0x01, 0x00,
    0x72, 0x0E, 0x33, 0x6E, 0x6E, 0x00, 0x23, 0xA0, 0xC2, 0x11, 0x01, 0x00, 0x05, 0x81, 0x13, 0x7E,
    0x15, 0x00, 0x23, 0xA2, 0x72, 0x10, 0x01, 0x00, 0x72, 0x0E, 0x33, 0x6E, 0x6E, 0x00, 0x23, 0xA0,
    0xC2, 0x11, 0x01, 0x00, 0x05, 0x81, 0x13, 0x7E, 0x15, 0x00, 0x23, 0xA2, 0x72, 0x10, 0x01, 0x00,
    0x01, 0x00, 0x37, 0x0E, 0x00, 0x10, 0x23, 0xA4, 0x72, 0x10, 0x23, 0xA4, 0x62, 0x10, 0x23, 0xA4,
    0xC2, 0x21, 0x01, 0x00, 0x23, 0xA2, 0x72, 0x10, 0x01, 0x00, 0x01, 0x00, 0x93, 0x07, 0x00, 0x00,
    0x23, 0xA4, 0x72, 0x10, 0x01, 0x00, 0x01, 0x00, 0x01, 0x00, 0x23, 0xA2, 0x72, 0x10, 0x01, 0x00,
    0x01, 0x00, 0x01, 0x00, 0x23, 0xA4, 0x72, 0x10, 0x01, 0x00, 0x01, 0x00, 0x01, 0x00, 0x23, 0xA2,
    0x72, 0x10, 0x01, 0x00, 0x01, 0x00, 0x03, 0xA8, 0x02, 0x00, 0x23, 0xA4, 0x72, 0x10, 0x13, 0x55,
    0xC8, 0x49, 0x01, 0x00, 0x01, 0x00, 0x23, 0xA2, 0x72, 0x10, 0x01, 0x00, 0x01, 0x00, 0x03, 0xA8,
    0x02, 0x00, 0x01, 0x00, 0x13, 0x58, 0xC8, 0x49, 0x33, 0x25, 0xA8, 0x20, 0x01, 0x00, 0xB7, 0x0F,
    0x00, 0x80, 0x05, 0x4E, 0x01, 0x00, 0x03, 0xA8, 0x02, 0x00, 0x13, 0x58, 0xC8, 0x49, 0x33, 0x45,
    0xA8, 0x20, 0x63, 0x1E, 0xC5, 0x3D, 0x23, 0xA4, 0x72, 0x10, 0x93, 0x0E, 0x00, 0x00, 0x93, 0x07,
    0x00, 0x00, 0x01, 0x00, 0x23, 0xA2, 0x72, 0x10, 0x37, 0x0E, 0x00, 0x80, 0x01, 0x00, 0x01, 0x00,
    0x23, 0xA4, 0x72, 0x10, 0x01, 0x00, 0x01, 0x00, 0x01, 0x00, 0x23, 0xA2, 0x72, 0x10, 0x01, 0x00,
    0x01, 0x00, 0x03, 0xA8, 0x02, 0x00, 0x23, 0xA4, 0x72, 0x10, 0x01, 0x00, 0x93, 0x5F, 0xC8, 0x49,
    0x01, 0x00, 0x23, 0xA2, 0x72, 0x10, 0xB3, 0xE7, 0xF7, 0x01, 0x93, 0xD7, 0x17, 0x60, 0x03, 0xA8,
    0x02, 0x00, 0x23, 0xA4, 0x72, 0x10, 0x01, 0x00, 0x93, 0x5F, 0xC8, 0x49, 0x01, 0x00, 0x23, 0xA2,
    0x72, 0x10, 0xB3, 0xE7, 0xF7, 0x01, 0x93, 0xD7, 0x17, 0x60, 0x03, 0xA8, 0x02, 0x00, 0x23, 0xA4,
    0x72, 0x10, 0x01, 0x00, 0x93, 0x5F, 0xC8, 0x49, 0x01, 0x00, 0x23, 0xA2, 0x72, 0x10, 0xB3, 0xE7,
    0xF7, 0x01, 0x93, 0xD7, 0x17, 0x60, 0x03, 0xA8, 0x02, 0x00, 0x23, 0xA4, 0x72, 0x10, 0x01, 0x00,
    0x93, 0x5F, 0xC8, 0x49, 0x01, 0x00, 0x23, 0xA2, 0x72, 0x10, 0xB3, 0xE7, 0xF7, 0x01, 0x93, 0xD7,
    0x17, 0x60, 0x03, 0xA8, 0x02, 0x00, 0x23, 0xA4, 0x72, 0x10, 0x01, 0x00, 0x93, 0x5F, 0xC8, 0x49,
    0x01, 0x00, 0x23, 0xA2, 0x72, 0x10, 0xB3, 0xE7, 0xF7, 0x01, 0x93, 0xD7, 0x17, 0x60, 0x03, 0xA8,
    0x02, 0x00, 0x23, 0xA4, 0x72, 0x10, 0x01, 0x00, 0x93, 0x5F, 0xC8, 0x49, 0x01, 0x00, 0x23, 0xA2,
    0x72, 0x10, 0xB3, 0xE7, 0xF7, 0x01, 0x93, 0xD7, 0x17, 0x60, 0x03, 0xA8, 0x02, 0x00, 0x23, 0xA4,
    0x72, 0x10, 0x01, 0x00, 0x93, 0x5F, 0xC8, 0x49, 0x01, 0x00, 0x23, 0xA2, 0x72, 0x10, 0xB3, 0xE7,
    0xF7, 0x01, 0x93, 0xD7, 0x17, 0x60, 0x03, 0xA8, 0x02, 0x00, 0x23, 0xA4, 0x72, 0x10, 0x01, 0x00,
    0x93, 0x5F, 0xC8, 0x49, 0x01, 0x00, 0x23, 0xA2, 0x72, 0x10, 0xB3, 0xE7, 0xF7, 0x01, 0x93, 0xD7,
    0x17, 0x60, 0x03, 0xA8, 0x02, 0x00, 0x23, 0xA4, 0x72, 0x10, 0x01, 0x00, 0x93, 0x5F, 0xC8, 0x49,
    0x01, 0x00, 0x23, 0xA2, 0x72, 0x10, 0xB3, 0xE7, 0xF7, 0x01, 0x93, 0xD7, 0x17, 0x60, 0x03, 0xA8,
    0x02, 0x00, 0x23, 0xA4, 0x72, 0x10, 0x01, 0x00, 0x93, 0x5F, 0xC8, 0x49, 0x01, 0x00, 0x23, 0xA2,
    0x72, 0x10, 0xB3, 0xE7, 0xF7, 0x01, 0x93, 0xD7, 0x17, 0x60, 0x03, 0xA8, 0x02, 0x00, 0x23, 0xA4,
    0x72, 0x10, 0x01, 0x00, 0x93, 0x5F, 0xC8, 0x49, 0x01, 0x00, 0x23, 0xA2, 0x72, 0x10, 0xB3, 0xE7,
    0xF7, 0x01, 0x93, 0xD7, 0x17, 0x60, 0x03, 0xA8, 0x02, 0x00, 0x23, 0xA4, 0x72, 0x10, 0x01, 0x00,
    0x93, 0x5F, 0xC8, 0x49, 0x01, 0x00, 0x23, 0xA2, 0x72, 0x10, 0xB3, 0xE7, 0xF7, 0x01, 0x93, 0xD7,
    0x17, 0x60, 0x03, 0xA8, 0x02, 0x00, 0x23, 0xA4, 0x72, 0x10, 0x01, 0x00, 0x93, 0x5F, 0xC8, 0x49,
    0x01, 0x00, 0x23, 0xA2, 0x72, 0x10, 0xB3, 0xE7, 0xF7, 0x01, 0x93, 0xD7, 0x17, 0x60, 0x03, 0xA8,
    0x02, 0x00, 0x23, 0xA4, 0x72, 0x10, 0x01, 0x00, 0x93, 0x5F, 0xC8, 0x49, 0x01, 0x00, 0x23, 0xA2,
    0x72, 0x10, 0xB3, 0xE7, 0xF7, 0x01, 0x93, 0xD7, 0x17, 0x60, 0x03, 0xA8, 0x02, 0x00, 0x23, 0xA4,
    0x72, 0x10, 0x01, 0x00, 0x93, 0x5F, 0xC8, 0x49, 0x01, 0x00, 0x23, 0xA2, 0x72, 0x10, 0xB3, 0xE7,
    0xF7, 0x01, 0x93, 0xD7, 0x17, 0x60, 0x03, 0xA8, 0x02, 0x00, 0x23, 0xA4, 0x72, 0x10, 0x01, 0x00,
    0x93, 0x5F, 0xC8, 0x49, 0x01, 0x00, 0x23, 0xA2, 0x72, 0x10, 0xB3, 0xE7, 0xF7, 0x01, 0x93, 0xD7,
    0x17, 0x60, 0x03, 0xA8, 0x02, 0x00, 0x23, 0xA4, 0x72, 0x10, 0x01, 0x00, 0x93, 0x5F, 0xC8, 0x49,
    0x01, 0x00, 0x23, 0xA2, 0x72, 0x10, 0xB3, 0xE7, 0xF7, 0x01, 0x93, 0xD7, 0x17, 0x60, 0x03, 0xA8,
    0x02, 0x00, 0x23, 0xA4, 0x72, 0x10, 0x01, 0x00, 0x93, 0x5F, 0xC8, 0x49, 0x01, 0x00, 0x23, 0xA2,
    0x72, 0x10, 0xB3, 0xE7, 0xF7, 0x01, 0x93, 0xD7, 0x17, 0x60, 0x03, 0xA8, 0x02, 0x00, 0x23, 0xA4,
    0x72, 0x10, 0x01, 0x00, 0x93, 0x5F, 0xC8, 0x49, 0x01, 0x00, 0x23, 0xA2, 0x72, 0x10, 0xB3, 0xE7,
    0xF7, 0x01, 0x93, 0xD7, 0x17, 0x60, 0x03, 0xA8, 0x02, 0x00, 0x23, 0xA4, 0x72, 0x10, 0x01, 0x00,
    0x93, 0x5F, 0xC8, 0x49, 0x01, 0x00, 0x23, 0xA2, 0x72, 0x10, 0xB3, 0xE7, 0xF7, 0x01, 0x93, 0xD7,
    0x17, 0x60, 0x03, 0xA8, 0x02, 0x00, 0x23, 0xA4, 0x72, 0x10, 0x01, 0x00, 0x93, 0x5F, 0xC8, 0x49,
    0x01, 0x00, 0x23, 0xA2, 0x72, 0x10, 0xB3, 0xE7, 0xF7, 0x01, 0x93, 0xD7, 0x17, 0x60, 0x03, 0xA8,
    0x02, 0x00, 0x23, 0xA4, 0x72, 0x10, 0x01, 0x00, 0x93, 0x5F, 0xC8, 0x49, 0x01, 0x00, 0x23, 0xA2,
    0x72, 0x10, 0xB3, 0xE7, 0xF7, 0x01, 0x93, 0xD7, 0x17, 0x60, 0x03, 0xA8, 0x02, 0x00, 0x23, 0xA4,
    0x72, 0x10, 0x01, 0x00, 0x93, 0x5F, 0xC8, 0x49, 0x01, 0x00, 0x23, 0xA2, 0x72, 0x10, 0xB3, 0xE7,
    0xF7, 0x01, 0x93, 0xD7, 0x17, 0x60, 0x03, 0xA8, 0x02, 0x00, 0x23, 0xA4, 0x72, 0x10, 0x01, 0x00,
    0x93, 0x5F, 0xC8, 0x49, 0x01, 0x00, 0x23, 0xA2, 0x72, 0x10, 0xB3, 0xE7, 0xF7, 0x01, 0x93, 0xD7,
    0x17, 0x60, 0x03, 0xA8, 0x02, 0x00, 0x23, 0xA4, 0x72, 0x10, 0x01, 0x00, 0x93, 0x5F, 0xC8, 0x49,
    0x01, 0x00, 0x23, 0xA2, 0x72, 0x10, 0xB3, 0xE7, 0xF7, 0x01, 0x93, 0xD7, 0x17, 0x60, 0x03, 0xA8,
    0x02, 0x00, 0x23, 0xA4, 0x72, 0x10, 0x01, 0x00, 0x93, 0x5F, 0xC8, 0x49, 0x01, 0x00, 0x23, 0xA2,
    0x72, 0x10, 0xB3, 0xE7, 0xF7, 0x01, 0x93, 0xD7, 0x17, 0x60, 0x03, 0xA8, 0x02, 0x00, 0x23, 0xA4,
    0x72, 0x10, 0x01, 0x00, 0x93, 0x5F, 0xC8, 0x49, 0x01, 0x00, 0x23, 0xA2, 0x72, 0x10, 0xB3, 0xE7,
    0xF7, 0x01, 0x93, 0xD7, 0x17, 0x60, 0x03, 0xA8, 0x02, 0x00, 0x23, 0xA4, 0x72, 0x10, 0x01, 0x00,
    0x93, 0x5F, 0xC8, 0x49, 0x01, 0x00, 0x23, 0xA2, 0x72, 0x10, 0xB3, 0xE7, 0xF7, 0x01, 0x93, 0xD7,
    0x17, 0x60, 0x03, 0xA8, 0x02, 0x00, 0x23, 0xA4, 0x72, 0x10, 0x01, 0x00, 0x93, 0x5F, 0xC8, 0x49,
    0x01, 0x00, 0x23, 0xA2, 0x72, 0x10, 0xB3, 0xE7, 0xF7, 0x01, 0x93, 0xD7, 0x17, 0x60, 0x03, 0xA8,
    0x02, 0x00, 0x23, 0xA4, 0x72, 0x10, 0x01, 0x00, 0x93, 0x5F, 0xC8, 0x49, 0x01, 0x00, 0x23, 0xA2,
    0x72, 0x10, 0xB3, 0xE7, 0xF7, 0x01, 0x93, 0xD7, 0x17, 0x60, 0x03, 0xA8, 0x02, 0x00, 0x23, 0xA4,
    0x72, 0x10, 0x01, 0x00, 0x93, 0x5F, 0xC8, 0x49, 0x01, 0x00, 0x23, 0xA2, 0x72, 0x10, 0xB3, 0xE7,
    0xF7, 0x01, 0x93, 0xD7, 0x17, 0x60, 0x03, 0xA8, 0x02, 0x00, 0x23, 0xA4, 0x72, 0x10, 0x01, 0x00,
    0x85, 0x83, 0x0E, 0x08, 0x23, 0xA2, 0x72, 0x10, 0x33, 0x78, 0xC8, 0x01, 0xB3, 0xE7, 0x07, 0x01,
    0x83, 0xAE, 0x02, 0x00, 0x23, 0xA2, 0x62, 0x10, 0x93, 0xDE, 0xCE, 0x49, 0x13, 0x9F, 0x27, 0x60,
    0x13, 0x7F, 0x1F, 0x00, 0x37, 0x0E, 0x00, 0x10, 0x23, 0xA2, 0xC2, 0x21, 0x23, 0xA2, 0xC2, 0x11,
    0x9C, 0xC1, 0x63, 0x83, 0xEE, 0x01, 0x21, 0x45, 0x73, 0x60, 0x04, 0x30, 0x82, 0x80, 0x89, 0x4E,
    0x11, 0x4F, 0x63, 0x05, 0xD5, 0x01, 0x63, 0x03, 0xE5, 0x01, 0x25, 0xA0, 0x23, 0xA4, 0x72, 0x10,
    0x23, 0xA2, 0x62, 0x10, 0x37, 0x0E, 0x00, 0x10, 0x01, 0x00, 0x23, 0xA2, 0x72, 0x10, 0x01, 0x00,
    0x01, 0x00, 0x01, 0x00, 0x23, 0xA2, 0xC2, 0x11, 0x23, 0xA2, 0xC2, 0x21, 0x73, 0x60, 0x04, 0x30,
    0x82, 0x80, 0x23, 0xA4, 0x72, 0x10, 0x23, 0xA2, 0x62, 0x10, 0x37, 0x0E, 0x00, 0x10, 0x01, 0x00,
    0x23, 0xA2, 0x72, 0x10, 0x01, 0x00, 0x01, 0x00, 0x01, 0x00, 0x23, 0xA2, 0xC2, 0x11, 0x23, 0xA2,
    0xC2, 0x21, 0x73, 0x60, 0x04, 0x30, 0x82, 0x80,
};

const uint8_t swd_func_36m[3364] = 
{
    0xB7, 0x02, 0x0C, 0x00, 0x37, 0x03, 0x00, 0x40, 0xB7, 0x03, 0x00, 0x08, 0x93, 0x56, 0x35, 0x00,
    0x13, 0x77, 0x75, 0x00, 0x63, 0x81, 0x06, 0x10, 0x03, 0xC8, 0x05, 0x00, 0x85, 0x05, 0x13, 0x7E,
    0x18, 0x00, 0x72, 0x0E, 0x33, 0x6E, 0x6E, 0x00, 0x23, 0xA0, 0xC2, 0x11, 0x01, 0x00, 0x01, 0x00,
    0x13, 0x58, 0x18, 0x00, 0x13, 0x7E, 0x18, 0x00, 0x23, 0xA2, 0x72, 0x10, 0x01, 0x00, 0x01, 0x00,
    0x72, 0x0E, 0x33, 0x6E, 0x6E, 0x00, 0x23, 0xA0, 0xC2, 0x11, 0x01, 0x00, 0x01, 0x00, 0x13, 0x58,
    0x18, 0x00, 0x13, 0x7E, 0x18, 0x00, 0x23, 0xA2, 0x72, 0x10, 0x01, 0x00, 0x01, 0x00, 0x72, 0x0E,
    0x33, 0x6E, 0x6E, 0x00, 0x23, 0xA0, 0xC2, 0x11, 0x01, 0x00, 0x01, 0x00, 0x13, 0x58, 0x18, 0x00,
    0x13, 0x7E, 0x18, 0x00, 0x23, 0xA2, 0x72, 0x10, 0x01, 0x00, 0x01, 0x00, 0x72, 0x0E, 0x33, 0x6E,
    0x6E, 0x00, 0x23, 0xA0, 0xC2, 0x11, 0x01, 0x00, 0x01, 0x00, 0x13, 0x58, 0x18, 0x00, 0x13, 0x7E,
    0x18, 0x00, 0x23, 0xA2, 0x72, 0x10, 0x01, 0x00, 0x01, 0x00, 0x72, 0x0E, 0x33, 0x6E, 0x6E, 0x00,
    0x23, 0xA0, 0xC2, 0x11, 0x01, 0x00, 0x01, 0x00, 0x13, 0x58, 0x18, 0x00, 0x13, 0x7E, 0x18, 0x00,
    0x23, 0xA2, 0x72, 0x10, 0x01, 0x00, 0x01, 0x00, 0x72, 0x0E, 0x33, 0x6E, 0x6E, 0x00, 0x23, 0xA0,
    0xC2, 0x11, 0x01, 0x00, 0x01, 0x00, 0x13, 0x58, 0x18, 0x00, 0x13, 0x7E, 0x18, 0x00, 0x23, 0xA2,
    0x72, 0x10, 0x01, 0x00, 0x01, 0x00, 0x72, 0x0E, 0x33, 0x6E, 0x6E, 0x00, 0x23, 0xA0, 0xC2, 0x11,
    0x01, 0x00, 0x01, 0x00, 0x13, 0x58, 0x18, 0x00, 0x13, 0x7E, 0x18, 0x00, 0x23, 0xA2, 0x72, 0x10,
    0x01, 0x00, 0x01, 0x00, 0x72, 0x0E, 0x33, 0x6E, 0x6E, 0x00, 0x23, 0xA0, 0xC2, 0x11, 0x01, 0x00,
    0x01, 0x00, 0x13, 0x58, 0x18, 0x00, 0x13, 0x7E, 0x18, 0x00, 0x23, 0xA2, 0x72, 0x10, 0x01, 0x00,
    0x01, 0x00, 0xFD, 0x16, 0x91, 0xF2, 0x15, 0xC7, 0x03, 0xC8, 0x05, 0x00, 0x13, 0x7E, 0x18, 0x00,
    0x72, 0x0E, 0x33, 0x6E, 0x6E, 0x00, 0x23, 0xA0, 0xC2, 0x11, 0x01, 0x00, 0x01, 0x00, 0x13, 0x58,
    0x18, 0x00, 0x13, 0x7E, 0x18, 0x00, 0x23, 0xA2, 0x72, 0x10, 0x01, 0x00, 0x01, 0x00, 0x7D, 0x17,
    0x65, 0xF3, 0x82, 0x80, 0x73, 0x70, 0x04, 0x30, 0xB7, 0x02, 0x0C, 0x00, 0x37, 0x03, 0x00, 0x40,
    0xB7, 0x03, 0x00, 0x08, 0x13, 0x7E, 0x15, 0x00, 0x72, 0x0E, 0x33, 0x6E, 0x6E, 0x00, 0x23, 0xA0,
    0xC2, 0x11, 0x01, 0x00, 0x01, 0x00, 0x05, 0x81, 0x13, 0x7E, 0x15, 0x00, 0x23, 0xA2, 0x72, 0x10,
    0x01, 0x00, 0x01, 0x00, 0x72, 0x0E, 0x33, 0x6E, 0x6E, 0x00, 0x23, 0xA0, 0xC2, 0x11, 0x01, 0x00,
    0x01, 0x00, 0x05, 0x81, 0x13, 0x7E, 0x15, 0x00, 0x23, 0xA2, 0x72, 0x10, 0x01, 0x00, 0x01, 0x00,
    0x72, 0x0E, 0x33, 0x6E, 0x6E, 0x00, 0x23, 0xA0, 0xC2, 0x11, 0x01, 0x00, 0x01, 0x00, 0x05, 0x81,
    0x13, 0x7E, 0x15, 0x00, 0x23, 0xA2, 0x72, 0x10, 0x01, 0x00, 0x01, 0x00, 0x72, 0x0E, 0x33, 0x6E,
    0x6E, 0x00, 0x23, 0xA0, 0xC2, 0x11, 0x01, 0x00, 0x01, 0x00, 0x05, 0x81, 0x13, 0x7E, 0x15, 0x00,
    0x23, 0xA2, 0x72, 0x10, 0x01, 0x00, 0x01, 0x00, 0x72, 0x0E, 0x33, 0x6E, 0x6E, 0x00, 0x23, 0xA0,
    0xC2, 0x11, 0x01, 0x00, 0x01, 0x00, 0x05, 0x81, 0x13, 0x7E, 0x15, 0x00, 0x23, 0xA2, 0x72, 0x10,
    0x01, 0x00, 0x01, 0x00, 0x72, 0x0E, 0x33, 0x6E, 0x6E, 0x00, 0x23, 0xA0, 0xC2, 0x11, 0x01, 0x00,
    0x01, 0x00, 0x05, 0x81, 0x13, 0x7E, 0x15, 0x00, 0x23, 0xA2, 0x72, 0x10, 0x01, 0x00, 0x01, 0x00,
    0x72, 0x0E, 0x33, 0x6E, 0x6E, 0x00, 0x23, 0xA0, 0xC2, 0x11, 0x01, 0x00, 0x01, 0x00, 0x05, 0x81,
    0x13, 0x7E, 0x15, 0x00, 0x23, 0xA2, 0x72, 0x10, 0x01, 0x00, 0x01, 0x00, 0x72, 0x0E, 0x33, 0x6E,
    0x6E, 0x00, 0x23, 0xA0, 0xC2, 0x11, 0x01, 0x00, 0x01, 0x00, 0x05, 0x81, 0x13, 0x7E, 0x15, 0x00,
    0x23, 0xA2, 0x72, 0x10, 0x01, 0x00, 0x01, 0x00, 0x83, 0xAF, 0x05, 0x00, 0x37, 0x0E, 0x00, 0x10,
    0x23, 0xA4, 0x72, 0x10, 0x23, 0xA4, 0x62, 0x10, 0x23, 0xA4, 0xC2, 0x21, 0x01, 0x00, 0x01, 0x00,
    0x23, 0xA2, 0x72, 0x10, 0x01, 0x00, 0x01, 0x00, 0x93, 0x97, 0x2F, 0x60, 0x85, 0x8B, 0x23, 0xA4,
    0x72, 0x10, 0x01, 0x00, 0x01, 0x00, 0x01, 0x00, 0x01, 0x00, 0x23, 0xA2, 0x72, 0x10, 0x01, 0x00,
    0x01, 0x00, 0x01, 0x00, 0x01, 0x00, 0x23, 0xA4, 0x72, 0x10, 0x01, 0x00, 0x01, 0x00, 0x01, 0x00,
    0x03, 0xA8, 0x02, 0x00, 0x23, 0xA2, 0x72, 0x10, 0x13, 0x55, 0xC8, 0x49, 0x01, 0x00, 0x01, 0x00,
    0x01, 0x00, 0x23, 0xA4, 0x72, 0x10, 0x01, 0x00, 0x01, 0x00, 0x01, 0x00, 0x03, 0xA8, 0x02, 0x00,
    0x23, 0xA2, 0x72, 0x10, 0x13, 0x58, 0xC8, 0x49, 0x33, 0x25, 0xA8, 0x20, 0x01, 0x00, 0x01, 0x00,
    0x23, 0xA4, 0x72, 0x10, 0x05, 0x4E, 0xB7, 0x0E, 0x00, 0x10, 0x01, 0x00, 0x03, 0xA8, 0x02, 0x00,
    0x23, 0xA2, 0x72, 0x10, 0x23, 0xA2, 0xD2, 0x21, 0x13, 0x58, 0xC8, 0x49, 0x33, 0x45, 0xA8, 0x20,
    0x63, 0x1A, 0xC5, 0x3F, 0x13, 0xFE, 0x1F, 0x00, 0x72, 0x0E, 0x33, 0x6E, 0x6E, 0x00, 0x23, 0xA0,
    0xC2, 0x11, 0x01, 0x00, 0x01, 0x00, 0x93, 0xDF, 0x1F, 0x00, 0x13, 0xFE, 0x1F, 0x00, 0x23, 0xA2,
    0x72, 0x10, 0x01, 0x00, 0x01, 0x00, 0x72, 0x0E, 0x33, 0x6E, 0x6E, 0x00, 0x23, 0xA0, 0xC2, 0x11,
    0x01, 0x00, 0x01, 0x00, 0x93, 0xDF, 0x1F, 0x00, 0x13, 0xFE, 0x1F, 0x00, 0x23, 0xA2, 0x72, 0x10,
    0x01, 0x00, 0x01, 0x00, 0x72, 0x0E, 0x33, 0x6E, 0x6E, 0x00, 0x23, 0xA0, 0xC2, 0x11, 0x01, 0x00,
    0x01, 0x00, 0x93, 0xDF, 0x1F, 0x00, 0x13, 0xFE, 0x1F, 0x00, 0x23, 0xA2, 0x72, 0x10, 0x01, 0x00,
    0x01, 0x00, 0x72, 0x0E, 0x33, 0x6E, 0x6E, 0x00, 0x23, 0xA0, 0xC2, 0x11, 0x01, 0x00, 0x01, 0x00,
    0x93, 0xDF, 0x1F, 0x00, 0x13, 0xFE, 0x1F, 0x00, 0x23, 0xA2, 0x72, 0x10, 0x01, 0x00, 0x01, 0x00,
    0x72, 0x0E, 0x33, 0x6E, 0x6E, 0x00, 0x23, 0xA0, 0xC2, 0x11, 0x01, 0x00, 0x01, 0x00, 0x93, 0xDF,
    0x1F, 0x00, 0x13, 0xFE, 0x1F, 0x00, 0x23, 0xA2, 0x72, 0x10, 0x01, 0x00, 0x01, 0x00, 0x72, 0x0E,
    0x33, 0x6E, 0x6E, 0x00, 0x23, 0xA0, 0xC2, 0x11, 0x01, 0x00, 0x01, 0x00, 0x93, 0xDF, 0x1F, 0x00,
    0x13, 0xFE, 0x1F, 0x00, 0x23, 0xA2, 0x72, 0x10, 0x01, 0x00, 0x01, 0x00, 0x72, 0x0E, 0x33, 0x6E,
    0x6E, 0x00, 0x23, 0xA0, 0xC2, 0x11, 0x01, 0x00, 0x01, 0x00, 0x93, 0xDF, 0x1F, 0x00, 0x13, 0xFE,
    0x1F, 0x00, 0x23, 0xA2, 0x72, 0x10, 0x01, 0x00, 0x01, 0x00, 0x72, 0x0E, 0x33, 0x6E, 0x6E, 0x00,
    0x23, 0xA0, 0xC2, 0x11, 0x01, 0x00, 0x01, 0x00, 0x93, 0xDF, 0x1F, 0x00, 0x13, 0xFE, 0x1F, 0x00,
    0x23, 0xA2, 0x72, 0x10, 0x01, 0x00, 0x01, 0x00, 0x72, 0x0E, 0x33, 0x6E, 0x6E, 0x00, 0x23, 0xA0,
    0xC2, 0x11, 0x01, 0x00, 0x01, 0x00, 0x93, 0xDF, 0x1F, 0x00, 0x13, 0xFE, 0x1F, 0x00, 0x23, 0xA2,
    0x72, 0x10, 0x01, 0x00, 0x01, 0x00, 0x72, 0x0E, 0x33, 0x6E, 0x6E, 0x00, 0x23, 0xA0, 0xC2, 0x11,
    0x01, 0x00, 0x01, 0x00, 0x93, 0xDF, 0x1F, 0x00, 0x13, 0xFE, 0x1F, 0x00, 0x23, 0xA2, 0x72, 0x10,
    0x01, 0x00, 0x01, 0x00, 0x72, 0x0E, 0x33, 0x6E, 0x6E, 0x00, 0x23, 0xA0, 0xC2, 0x11, 0x01, 0x00,
    0x01, 0x00, 0x93, 0xDF, 0x1F, 0x00, 0x13, 0xFE, 0x1F, 0x00, 0x23, 0xA2, 0x72, 0x10, 0x01, 0x00,
    0x01, 0x00, 0x72, 0x0E, 0x33, 0x6E, 0x6E, 0x00, 0x23, 0xA0, 0xC2, 0x11, 0x01, 0x00, 0x01, 0x00,
    0x93, 0xDF, 0x1F, 0x00, 0x13, 0xFE, 0x1F, 0x00, 0x23, 0xA2, 0x72, 0x10, 0x01, 0x00, 0x01, 0x00,
    0x72, 0x0E, 0x33, 0x6E, 0x6E, 0x00, 0x23, 0xA0, 0xC2, 0x11, 0x01, 0x00, 0x01, 0x00, 0x93, 0xDF,
    0x1F, 0x00, 0x13, 0xFE, 0x1F, 0x00, 0x23, 0xA2, 0x72, 0x10, 0x01, 0x00, 0x01, 0x00, 0x72, 0x0E,
    0x33, 0x6E, 0x6E, 0x00, 0x23, 0xA0, 0xC2, 0x11, 0x01, 0x00, 0x01, 0x00, 0x93, 0xDF, 0x1F, 0x00,
    0x13, 0xFE, 0x1F, 0x00, 0x23, 0xA2, 0x72, 0x10, 0x01, 0x00, 0x01, 0x00, 0x72, 0x0E, 0x33, 0x6E,
    0x6E, 0x00, 0x23, 0xA0, 0xC2, 0x11, 0x01, 0x00, 0x01, 0x00, 0x93, 0xDF, 0x1F, 0x00, 0x13, 0xFE,
    0x1F, 0x00, 0x23, 0xA2, 0x72, 0x10, 0x01, 0x00, 0x01, 0x00, 0x72, 0x0E, 0x33, 0x6E, 0x6E, 0x00,
    0x23, 0xA0, 0xC2, 0x11, 0x01, 0x00, 0x01, 0x00, 0x93, 0xDF, 0x1F, 0x00, 0x13, 0xFE, 0x1F, 0x00,
    0x23, 0xA2, 0x72, 0x10, 0x01, 0x00, 0x01, 0x00, 0x72, 0x0E, 0x33, 0x6E, 0x6E, 0x00, 0x23, 0xA0,
    0xC2, 0x11, 0x01, 0x00, 0x01, 0x00, 0x93, 0xDF, 0x1F, 0x00, 0x13, 0xFE, 0x1F, 0x00, 0x23, 0xA2,
    0x72, 0x10, 0x01, 0x00, 0x01, 0x00, 0x72, 0x0E, 0x33, 0x6E, 0x6E, 0x00, 0x23, 0xA0, 0xC2, 0x11,
    0x01, 0x00, 0x01, 0x00, 0x93, 0xDF, 0x1F, 0x00, 0x13, 0xFE, 0x1F, 0x00, 0x23, 0xA2, 0x72, 0x10,
    0x01, 0x00, 0x01, 0x00, 0x72, 0x0E, 0x33, 0x6E, 0x6E, 0x00, 0x23, 0xA0, 0xC2, 0x11, 0x01, 0x00,
    0x01, 0x00, 0x93, 0xDF, 0x1F, 0x00, 0x13, 0xFE, 0x1F, 0x00, 0x23, 0xA2, 0x72, 0x10, 0x01, 0x00,
    0x01, 0x00, 0x72, 0x0E, 0x33, 0x6E, 0x6E, 0x00, 0x23, 0xA0, 0xC2, 0x11, 0x01, 0x00, 0x01, 0x00,
    0x93, 0xDF, 0x1F, 0x00, 0x13, 0xFE, 0x1F, 0x00, 0x23, 0xA2, 0x72, 0x10, 0x01, 0x00, 0x01, 0x00,
    0x72, 0x0E, 0x33, 0x6E, 0x6E, 0x00, 0x23, 0xA0, 0xC2, 0x11, 0x01, 0x00, 0x01, 0x00, 0x93, 0xDF,
    0x1F, 0x00, 0x13, 0xFE, 0x1F, 0x00, 0x23, 0xA2, 0x72, 0x10, 0x01, 0x00, 0x01, 0x00, 0x72, 0x0E,
    0x33, 0x6E, 0x6E, 0x00, 0x23, 0xA0, 0xC2, 0x11, 0x01, 0x00, 0x01, 0x00, 0x93, 0xDF, 0x1F, 0x00,
    0x13, 0xFE, 0x1F, 0x00, 0x23, 0xA2, 0x72, 0x10, 0x01, 0x00, 0x01, 0x00, 0x72, 0x0E, 0x33, 0x6E,
    0x6E, 0x00, 0x23, 0xA0, 0xC2, 0x11, 0x01, 0x00, 0x01, 0x00, 0x93, 0xDF, 0x1F, 0x00, 0x13, 0xFE,
    0x1F, 0x00, 0x23, 0xA2, 0x72, 0x10, 0x01, 0x00, 0x01, 0x00, 0x72, 0x0E, 0x33, 0x6E, 0x6E, 0x00,
    0x23, 0xA0, 0xC2, 0x11, 0x01, 0x00, 0x01, 0x00, 0x93, 0xDF, 0x1F, 0x00, 0x13, 0xFE, 0x1F, 0x00,
    0x23, 0xA2, 0x72, 0x10, 0x01, 0x00, 0x01, 0x00, 0x72, 0x0E, 0x33, 0x6E, 0x6E, 0x00, 0x23, 0xA0,
    0xC2, 0x11, 0x01, 0x00, 0x01, 0x00, 0x93, 0xDF, 0x1F, 0x00, 0x13, 0xFE, 0x1F, 0x00, 0x23, 0xA2,
    0x72, 0x10, 0x01, 0x00, 0x01, 0x00, 0x72, 0x0E, 0x33, 0x6E, 0x6E, 0x00, 0x23, 0xA0, 0xC2, 0x11,
    0x01, 0x00, 0x01, 0x00, 0x93, 0xDF, 0x1F, 0x00, 0x13, 0xFE, 0x1F, 0x00, 0x23, 0xA2, 0x72, 0x10,
    0x01, 0x00, 0x01, 0x00, 0x72, 0x0E, 0x33, 0x6E, 0x6E, 0x00, 0x23, 0xA0, 0xC2, 0x11, 0x01, 0x00,
    0x01, 0x00, 0x93, 0xDF, 0x1F, 0x00, 0x13, 0xFE, 0x1F, 0x00, 0x23, 0xA2, 0x72, 0x10, 0x01, 0x00,
    0x01, 0x00, 0x72, 0x0E, 0x33, 0x6E, 0x6E, 0x00, 0x23, 0xA0, 0xC2, 0x11, 0x01, 0x00, 0x01, 0x00,
    0x93, 0xDF, 0x1F, 0x00, 0x13, 0xFE, 0x1F, 0x00, 0x23, 0xA2, 0x72, 0x10, 0x01, 0x00, 0x01, 0x00,
    0x72, 0x0E, 0x33, 0x6E, 0x6E, 0x00, 0x23, 0xA0, 0xC2, 0x11, 0x01, 0x00, 0x01, 0x00, 0x93, 0xDF,
    0x1F, 0x00, 0x13, 0xFE, 0x1F, 0x00, 0x23, 0xA2, 0x72, 0x10, 0x01, 0x00, 0x01, 0x00, 0x72, 0x0E,
    0x33, 0x6E, 0x6E, 0x00, 0x23, 0xA0, 0xC2, 0x11, 0x01, 0x00, 0x01, 0x00, 0x93, 0xDF, 0x1F, 0x00,
    0x13, 0xFE, 0x1F, 0x00, 0x23, 0xA2, 0x72, 0x10, 0x01, 0x00, 0x01, 0x00, 0x72, 0x0E, 0x33, 0x6E,
    0x6E, 0x00, 0x23, 0xA0, 0xC2, 0x11, 0x01, 0x00, 0x01, 0x00, 0x93, 0xDF, 0x1F, 0x00, 0x13, 0xFE,
    0x1F, 0x00, 0x23, 0xA2, 0x72, 0x10, 0x01, 0x00, 0x01, 0x00, 0x72, 0x0E, 0x33, 0x6E, 0x6E, 0x00,
    0x23, 0xA0, 0xC2, 0x11, 0x01, 0x00, 0x01, 0x00, 0x93, 0xDF, 0x1F, 0x00, 0x13, 0xFE, 0x1F, 0x00,
    0x23, 0xA2, 0x72, 0x10, 0x01, 0x00, 0x01, 0x00, 0x13, 0x9E, 0xC7, 0x01, 0x33, 0x6E, 0x6E, 0x00,
    0x23, 0xA0, 0xC2, 0x11, 0x01, 0x00, 0x01, 0x00, 0xB7, 0x0E, 0x00, 0x10, 0x01, 0x00, 0x23, 0xA2,
    0x72, 0x10, 0x01, 0x00, 0x01, 0x00, 0x01, 0x00, 0x01, 0x00, 0x23, 0xA2, 0xD2, 0x11, 0x73, 0x60,
    0x04, 0x30, 0x82, 0x80, 0x89, 0x4E, 0x11, 0x4F, 0x63, 0x05, 0xD5, 0x01, 0x63, 0x03, 0xE5, 0x01,
    0x09, 0xA0, 0xB7, 0x0E, 0x00, 0x10, 0x23, 0xA2, 0xD2, 0x11, 0x73, 0x60, 0x04, 0x30, 0x82, 0x80,
    0x73, 0x70, 0x04, 0x30, 0xB7, 0x02, 0x0C, 0x00, 0x37, 0x03, 0x00, 0x40, 0xB7, 0x03, 0x00, 0x08,
    0x13, 0x7E, 0x15, 0x00, 0x72, 0x0E, 0x33, 0x6E, 0x6E, 0x00, 0x23, 0xA0, 0xC2, 0x11, 0x01, 0x00,
    0x01, 0x00, 0x05, 0x81, 0x13, 0x7E, 0x15, 0x00, 0x23, 0xA2, 0x72, 0x10, 0x01, 0x00, 0x01, 0x00,
    0x72, 0x0E, 0x33, 0x6E, 0x6E, 0x00, 0x23, 0xA0, 0xC2, 0x11, 0x01, 0x00, 0x01, 0x00, 0x05, 0x81,
    0x13, 0x7E, 0x15, 0x00, 0x23, 0xA2, 0x72, 0x10, 0x01, 0x00, 0x01, 0x00, 0x72, 0x0E, 0x33, 0x6E,
    0x6E, 0x00, 0x23, 0xA0, 0xC2, 0x11, 0x01, 0x00, 0x01, 0x00, 0x05, 0x81, 0x13, 0x7E, 0x15, 0x00,
    0x23, 0xA2, 0x72, 0x10, 0x01, 0x00, 0x01, 0x00, 0x72, 0x0E, 0x33, 0x6E, 0x6E, 0x00, 0x23, 0xA0,
    0xC2, 0x11, 0x01, 0x00, 0x01, 0x00, 0x05, 0x81, 0x13, 0x7E, 0x15, 0x00, 0x23, 0xA2, 0x72, 0x10,
    0x01, 0x00, 0x01, 0x00, 0x72, 0x0E, 0x33, 0x6E, 0x6E, 0x00, 0x23, 0xA0, 0xC2, 0x11, 0x01, 0x00,
    0x01, 0x00, 0x05, 0x81, 0x13, 0x7E, 0x15, 0x00, 0x23, 0xA2, 0x72, 0x10, 0x01, 0x00, 0x01, 0x00,
    0x72, 0x0E, 0x33, 0x6E, 0x6E, 0x00, 0x23, 0xA0, 0xC2, 0x11, 0x01, 0x00, 0x01, 0x00, 0x05, 0x81,
    0x13, 0x7E, 0x15, 0x00, 0x23, 0xA2, 0x72, 0x10, 0x01, 0x00, 0x01, 0x00, 0x72, 0x0E, 0x33, 0x6E,
    0x6E, 0x00, 0x23, 0xA0, 0xC2, 0x11, 0x01, 0x00, 0x01, 0x00, 0x05, 0x81, 0x13, 0x7E, 0x15, 0x00,
    0x23, 0xA2, 0x72, 0x10, 0x01, 0x00, 0x01, 0x00, 0x72, 0x0E, 0x33, 0x6E, 0x6E, 0x00, 0x23, 0xA0,
    0xC2, 0x11, 0x01, 0x00, 0x01, 0x00, 0x05, 0x81, 0x13, 0x7E, 0x15, 0x00, 0x23, 0xA2, 0x72, 0x10,
    0x01, 0x00, 0x01, 0x00, 0x01, 0x00, 0x37, 0x0E, 0x00, 0x10, 0x23, 0xA4, 0x72, 0x10, 0x23, 0xA4,
    0x62, 0x10, 0x23, 0xA4, 0xC2, 0x21, 0x01, 0x00, 0x01, 0x00, 0x23, 0xA2, 0x72, 0x10, 0x01, 0x00,
    0x01, 0x00, 0x01, 0x00, 0x93, 0x07, 0x00, 0x00, 0x23, 0xA4, 0x72, 0x10, 0x01, 0x00, 0x01, 0x00,
    0x01, 0x00, 0x01, 0x00, 0x23, 0xA2, 0x72, 0x10, 0x01, 0x00, 0x01, 0x00, 0x01, 0x00, 0x01, 0x00,
    0x23, 0xA4, 0x72, 0x10, 0x01, 0x00, 0x01, 0x00, 0x01, 0x00, 0x03, 0xA8, 0x02, 0x00, 0x23, 0xA2,
    0x72, 0x10, 0x13, 0x55, 0xC8, 0x49, 0x01, 0x00, 0x01, 0x00, 0x01, 0x00, 0x23, 0xA4, 0x72, 0x10,
    0x01, 0x00, 0x01, 0x00, 0x01, 0x00, 0x03, 0xA8, 0x02, 0x00, 0x23, 0xA2, 0x72, 0x10, 0x13, 0x58,
    0xC8, 0x49, 0x33, 0x25, 0xA8, 0x20, 0x01, 0x00, 0x01, 0x00, 0xB7, 0x0F, 0x00, 0x80, 0x05, 0x4E,
    0x01, 0x00, 0x01, 0x00, 0x03, 0xA8, 0x02, 0x00, 0x01, 0x00, 0x13, 0x58, 0xC8, 0x49, 0x33, 0x45,
    0xA8, 0x20, 0x01, 0x00, 0x63, 0x1E, 0xC5, 0x45, 0x23, 0xA4, 0x72, 0x10, 0x93, 0x0E, 0x00, 0x00,
    0x93, 0x07, 0x00, 0x00, 0x01, 0x00, 0x01, 0x00, 0x23, 0xA2, 0x72, 0x10, 0x37, 0x0E, 0x00, 0x80,
    0x01, 0x00, 0x01, 0x00, 0x01, 0x00, 0x23, 0xA4, 0x72, 0x10, 0x01, 0x00, 0x01, 0x00, 0x01, 0x00,
    0x03, 0xA8, 0x02, 0x00, 0x23, 0xA2, 0x72, 0x10, 0x01, 0x00, 0x93, 0x5F, 0xC8, 0x49, 0xB3, 0xE7,
    0xF7, 0x01, 0x93, 0xD7, 0x17, 0x60, 0x23, 0xA4, 0x72, 0x10, 0x01, 0x00, 0x01, 0x00, 0x01, 0x00,
    0x03, 0xA8, 0x02, 0x00, 0x23, 0xA2, 0x72, 0x10, 0x01, 0x00, 0x93, 0x5F, 0xC8, 0x49, 0xB3, 0xE7,
    0xF7, 0x01, 0x93, 0xD7, 0x17, 0x60, 0x23, 0xA4, 0x72, 0x10, 0x01, 0x00, 0x01, 0x00, 0x01, 0x00,
    0x03, 0xA8, 0x02, 0x00, 0x23, 0xA2, 0x72, 0x10, 0x01, 0x00, 0x93, 0x5F, 0xC8, 0x49, 0xB3, 0xE7,
    0xF7, 0x01, 0x93, 0xD7, 0x17, 0x60, 0x23, 0xA4, 0x72, 0x10, 0x01, 0x00, 0x01, 0x00, 0x01, 0x00,
    0x03, 0xA8, 0x02, 0x00, 0x23, 0xA2, 0x72, 0x10, 0x01, 0x00, 0x93, 0x5F, 0xC8, 0x49, 0xB3, 0xE7,
    0xF7, 0x01, 0x93, 0xD7, 0x17, 0x60, 0x23, 0xA4, 0x72, 0x10, 0x01, 0x00, 0x01, 0x00, 0x01, 0x00,
    0x03, 0xA8, 0x02, 0x00, 0x23, 0xA2, 0x72, 0x10, 0x01, 0x00, 0x93, 0x5F, 0xC8, 0x49, 0xB3, 0xE7,
    0xF7, 0x01, 0x93, 0xD7, 0x17, 0x60, 0x23, 0xA4, 0x72, 0x10, 0x01, 0x00, 0x01, 0x00, 0x01, 0x00,
    0x03, 0xA8, 0x02, 0x00, 0x23, 0xA2, 0x72, 0x10, 0x01, 0x00, 0x93, 0x5F, 0xC8, 0x49, 0xB3, 0xE7,
    0xF7, 0x01, 0x93, 0xD7, 0x17, 0x60, 0x23, 0xA4, 0x72, 0x10, 0x01, 0x00, 0x01, 0x00, 0x01, 0x00,
    0x03, 0xA8, 0x02, 0x00, 0x23, 0xA2, 0x72, 0x10, 0x01, 0x00, 0x93, 0x5F, 0xC8, 0x49, 0xB3, 0xE7,
    0xF7, 0x01, 0x93, 0xD7, 0x17, 0x60, 0x23, 0xA4, 0x72, 0x10, 0x01, 0x00, 0x01, 0x00, 0x01, 0x00,
    0x03, 0xA8, 0x02, 0x00, 0x23, 0xA2, 0x72, 0x10, 0x01, 0x00, 0x93, 0x5F, 0xC8, 0x49, 0xB3, 0xE7,
    0xF7, 0x01, 0x93, 0xD7, 0x17, 0x60, 0x23, 0xA4, 0x72, 0x10, 0x01, 0x00, 0x01, 0x00, 0x01, 0x00,
    0x03, 0xA8, 0x02, 0x00, 0x23, 0xA2, 0x72, 0x10, 0x01, 0x00, 0x93, 0x5F, 0xC8, 0x49, 0xB3, 0xE7,
    0xF7, 0x01, 0x93, 0xD7, 0x17, 0x60, 0x23, 0xA4, 0x72, 0x10, 0x01, 0x00, 0x01, 0x00, 0x01, 0x00,
    0x03, 0xA8, 0x02, 0x00, 0x23, 0xA2, 0x72, 0x10, 0x01, 0x00, 0x93, 0x5F, 0xC8, 0x49, 0xB3, 0xE7,
    0xF7, 0x01, 0x93, 0xD7, 0x17, 0x60, 0x23, 0xA4, 0x72, 0x10, 0x01, 0x00, 0x01, 0x00, 0x01, 0x00,
    0x03, 0xA8, 0x02, 0x00, 0x23, 0xA2, 0x72, 0x10, 0x01, 0x00, 0x93, 0x5F, 0xC8, 0x49, 0xB3, 0xE7,
    0xF7, 0x01, 0x93, 0xD7, 0x17, 0x60, 0x23, 0xA4, 0x72, 0x10, 0x01, 0x00, 0x01, 0x00, 0x01, 0x00,
    0x03, 0xA8, 0x02, 0x00, 0x23, 0xA2, 0x72, 0x10, 0x01, 0x00, 0x93, 0x5F, 0xC8, 0x49, 0xB3, 0xE7,
    0xF7, 0x01, 0x93, 0xD7, 0x17, 0x60, 0x23, 0xA4, 0x72, 0x10, 0x01, 0x00, 0x01, 0x00, 0x01, 0x00,
    0x03, 0xA8, 0x02, 0x00, 0x23, 0xA2, 0x72, 0x10, 0x01, 0x00, 0x93, 0x5F, 0xC8, 0x49, 0xB3, 0xE7,
    0xF7, 0x01, 0x93, 0xD7, 0x17, 0x60, 0x23, 0xA4, 0x72, 0x10, 0x01, 0x00, 0x01, 0x00, 0x01, 0x00,
    0x03, 0xA8, 0x02, 0x00, 0x23, 0xA2, 0x72, 0x10, 0x01, 0x00, 0x93, 0x5F, 0xC8, 0x49, 0xB3, 0xE7,
    0xF7, 0x01, 0x93, 0xD7, 0x17, 0x60, 0x23, 0xA4, 0x72, 0x10, 0x01, 0x00, 0x01, 0x00, 0x01, 0x00,
    0x03, 0xA8, 0x02, 0x00, 0x23, 0xA2, 0x72, 0x10, 0x01, 0x00, 0x93, 0x5F, 0xC8, 0x49, 0xB3, 0xE7,
    0xF7, 0x01, 0x93, 0xD7, 0x17, 0x60, 0x23, 0xA4, 0x72, 0x10, 0x01, 0x00, 0x01, 0x00, 0x01, 0x00,
    0x03, 0xA8, 0x02, 0x00, 0x23, 0xA2, 0x72, 0x10, 0x01, 0x00, 0x93, 0x5F, 0xC8, 0x49, 0xB3, 0xE7,
    0xF7, 0x01, 0x93, 0xD7, 0x17, 0x60, 0x23, 0xA4, 0x72, 0x10, 0x01, 0x00, 0x01, 0x00, 0x01, 0x00,
    0x03, 0xA8, 0x02, 0x00, 0x23, 0xA2, 0x72, 0x10, 0x01, 0x00, 0x93, 0x5F, 0xC8, 0x49, 0xB3, 0xE7,
    0xF7, 0x01, 0x93, 0xD7, 0x17, 0x60, 0x23, 0xA4, 0x72, 0x10, 0x01, 0x00, 0x01, 0x00, 0x01, 0x00,
    0x03, 0xA8, 0x02, 0x00, 0x23, 0xA2, 0x72, 0x10, 0x01, 0x00, 0x93, 0x5F, 0xC8, 0x49, 0xB3, 0xE7,
    0xF7, 0x01, 0x93, 0xD7, 0x17, 0x60, 0x23, 0xA4, 0x72, 0x10, 0x01, 0x00, 0x01, 0x00, 0x01, 0x00,
    0x03, 0xA8, 0x02, 0x00, 0x23, 0xA2, 0x72, 0x10, 0x01, 0x00, 0x93, 0x5F, 0xC8, 0x49, 0xB3, 0xE7,
    0xF7, 0x01, 0x93, 0xD7, 0x17, 0x60, 0x23, 0xA4, 0x72, 0x10, 0x01, 0x00, 0x01, 0x00, 0x01, 0x00,
    0x03, 0xA8, 0x02, 0x00, 0x23, 0xA2, 0x72, 0x10, 0x01, 0x00, 0x93, 0x5F, 0xC8, 0x49, 0xB3, 0xE7,
    0xF7, 0x01, 0x93, 0xD7, 0x17, 0x60, 0x23, 0xA4, 0x72, 0x10, 0x01, 0x00, 0x01, 0x00, 0x01, 0x00,
    0x03, 0xA8, 0x02, 0x00, 0x23, 0xA2, 0x72, 0x10, 0x01, 0x00, 0x93, 0x5F, 0xC8, 0x49, 0xB3, 0xE7,
    0xF7, 0x01, 0x93, 0xD7, 0x17, 0x60, 0x23, 0xA4, 0x72, 0x10, 0x01, 0x00, 0x01, 0x00, 0x01, 0x00,
    0x03, 0xA8, 0x02, 0x00, 0x23, 0xA2, 0x72, 0x10, 0x01, 0x00, 0x93, 0x5F, 0xC8, 0x49, 0xB3, 0xE7,
    0xF7, 0x01, 0x93, 0xD7, 0x17, 0x60, 0x23, 0xA4, 0x72, 0x10, 0x01, 0x00, 0x01, 0x00, 0x01, 0x00,
    0x03, 0xA8, 0x02, 0x00, 0x23, 0xA2, 0x72, 0x10, 0x01, 0x00, 0x93, 0x5F, 0xC8, 0x49, 0xB3, 0xE7,
    0xF7, 0x01, 0x93, 0xD7, 0x17, 0x60, 0x23, 0xA4, 0x72, 0x10, 0x01, 0x00, 0x01, 0x00, 0x01, 0x00,
    0x03, 0xA8, 0x02, 0x00, 0x23, 0xA2, 0x72, 0x10, 0x01, 0x00, 0x93, 0x5F, 0xC8, 0x49, 0xB3, 0xE7,
    0xF7, 0x01, 0x93, 0xD7, 0x17, 0x60, 0x23, 0xA4, 0x72, 0x10, 0x01, 0x00, 0x01, 0x00, 0x01, 0x00,
    0x03, 0xA8, 0x02, 0x00, 0x23, 0xA2, 0x72, 0x10, 0x01, 0x00, 0x93, 0x5F, 0xC8, 0x49, 0xB3, 0xE7,
    0xF7, 0x01, 0x93, 0xD7, 0x17, 0x60, 0x23, 0xA4, 0x72, 0x10, 0x01, 0x00, 0x01, 0x00, 0x01, 0x00,
    0x03, 0xA8, 0x02, 0x00, 0x23, 0xA2, 0x72, 0x10, 0x01, 0x00, 0x93, 0x5F, 0xC8, 0x49, 0xB3, 0xE7,
    0xF7, 0x01, 0x93, 0xD7, 0x17, 0x60, 0x23, 0xA4, 0x72, 0x10, 0x01, 0x00, 0x01, 0x00, 0x01, 0x00,
    0x03, 0xA8, 0x02, 0x00, 0x23, 0xA2, 0x72, 0x10, 0x01, 0x00, 0x93, 0x5F, 0xC8, 0x49, 0xB3, 0xE7,
    0xF7, 0x01, 0x93, 0xD7, 0x17, 0x60, 0x23, 0xA4, 0x72, 0x10, 0x01, 0x00, 0x01, 0x00, 0x01, 0x00,
    0x03, 0xA8, 0x02, 0x00, 0x23, 0xA2, 0x72, 0x10, 0x01, 0x00, 0x93, 0x5F, 0xC8, 0x49, 0xB3, 0xE7,
    0xF7, 0x01, 0x93, 0xD7, 0x17, 0x60, 0x23, 0xA4, 0x72, 0x10, 0x01, 0x00, 0x01, 0x00, 0x01, 0x00,
    0x03, 0xA8, 0x02, 0x00, 0x23, 0xA2, 0x72, 0x10, 0x01, 0x00, 0x93, 0x5F, 0xC8, 0x49, 0xB3, 0xE7,
    0xF7, 0x01, 0x93, 0xD7, 0x17, 0x60, 0x23, 0xA4, 0x72, 0x10, 0x01, 0x00, 0x01, 0x00, 0x01, 0x00,
    0x03, 0xA8, 0x02, 0x00, 0x23, 0xA2, 0x72, 0x10, 0x01, 0x00, 0x93, 0x5F, 0xC8, 0x49, 0xB3, 0xE7,
    0xF7, 0x01, 0x93, 0xD7, 0x17, 0x60, 0x23, 0xA4, 0x72, 0x10, 0x01, 0x00, 0x01, 0x00, 0x01, 0x00,
    0x03, 0xA8, 0x02, 0x00, 0x23, 0xA2, 0x72, 0x10, 0x01, 0x00, 0x93, 0x5F, 0xC8, 0x49, 0xB3, 0xE7,
    0xF7, 0x01, 0x93, 0xD7, 0x17, 0x60, 0x23, 0xA4, 0x72, 0x10, 0x01, 0x00, 0x01, 0x00, 0x01, 0x00,
    0x03, 0xA8, 0x02, 0x00, 0x23, 0xA2, 0x72, 0x10, 0x85, 0x83, 0x0E, 0x08, 0x33, 0x78, 0xC8, 0x01,
    0xB3, 0xE7, 0x07, 0x01, 0x23, 0xA4, 0x72, 0x10, 0x01, 0x00, 0x01, 0x00, 0x01, 0x00, 0x83, 0xAE,
    0x02, 0x00, 0x23, 0xA2, 0x72, 0x10, 0x93, 0xDE, 0xCE, 0x49, 0x13, 0x9F, 0x27, 0x60, 0x13, 0x7F,
    0x1F, 0x00, 0x23, 0xA2, 0x62, 0x10, 0x37, 0x0E, 0x00, 0x10, 0x23, 0xA2, 0xC2, 0x21, 0x23, 0xA2,
    0xC2, 0x11, 0x9C, 0xC1, 0x63, 0x83, 0xEE, 0x01, 0x21, 0x45, 0x73, 0x60, 0x04, 0x30, 0x82, 0x80,
    0x89, 0x4E, 0x11, 0x4F, 0x63, 0x05, 0xD5, 0x01, 0x63, 0x03, 0xE5, 0x01, 0x35, 0xA0, 0x23, 0xA4,
    0x72, 0x10, 0x23, 0xA2, 0x62, 0x10, 0x37, 0x0E, 0x00, 0x10, 0x01, 0x00, 0x01, 0x00, 0x23, 0xA2,
    0x72, 0x10, 0x01, 0x00, 0x01, 0x00, 0x01, 0x00, 0x01, 0x00, 0x23, 0xA2, 0xC2, 0x11, 0x23, 0xA2,
    0xC2, 0x21, 0x73, 0x60, 0x04, 0x30, 0x82, 0x80, 0x23, 0xA4, 0x72, 0x10, 0x23, 0xA2, 0x62, 0x10,
    0x37, 0x0E, 0x00, 0x10, 0x01, 0x00, 0x01, 0x00, 0x23, 0xA2, 0x72, 0x10, 0x01, 0x00, 0x01, 0x00,
    0x01, 0x00, 0x01, 0x00, 0x23, 0xA2, 0xC2, 0x11, 0x23, 0xA2, 0xC2, 0x21, 0x73, 0x60, 0x04, 0x30,
    0x82, 0x80, 0x01, 0x00,
};

const uint8_t swd_func_30m[3776] = 
{
    0xB7, 0x02, 0x0C, 0x00, 0x37, 0x03, 0x00, 0x40, 0xB7, 0x03, 0x00, 0x08, 0x93, 0x56, 0x35, 0x00,
    0x13, 0x77, 0x75, 0x00, 0x63, 0x82, 0x06, 0x12, 0x03, 0xC8, 0x05, 0x00, 0x85, 0x05, 0x13, 0x7E,
    0x18, 0x00, 0x72, 0x0E, 0x33, 0x6E, 0x6E, 0x00, 0x23, 0xA0, 0xC2, 0x11, 0x01, 0x00, 0x01, 0x00,
    0x01, 0x00, 0x13, 0x58, 0x18, 0x00, 0x13, 0x7E, 0x18, 0x00, 0x23, 0xA2, 0x72, 0x10, 0x01, 0x00,
    0x01, 0x00, 0x01, 0x00, 0x72, 0x0E, 0x33, 0x6E, 0x6E, 0x00, 0x23, 0xA0, 0xC2, 0x11, 0x01, 0x00,
    0x01, 0x00, 0x01, 0x00, 0x13, 0x58, 0x18, 0x00, 0x13, 0x7E, 0x18, 0x00, 0x23, 0xA2, 0x72, 0x10,
    0x01, 0x00, 0x01, 0x00, 0x01, 0x00, 0x72, 0x0E, 0x33, 0x6E, 0x6E, 0x00, 0x23, 0xA0, 0xC2, 0x11,
    0x01, 0x00, 0x01, 0x00, 0x01, 0x00, 0x13, 0x58, 0x18, 0x00, 0x13, 0x7E, 0x18, 0x00, 0x23, 0xA2,
    0x72, 0x10, 0x01, 0x00, 0x01, 0x00, 0x01, 0x00, 0x72, 0x0E, 0x33, 0x6E, 0x6E, 0x00, 0x23, 0xA0,
    0xC2, 0x11, 0x01, 0x00, 0x01, 0x00, 0x01, 0x00, 0x13, 0x58, 0x18, 0x00, 0x13, 0x7E, 0x18, 0x00,
    0x23, 0xA2, 0x72, 0x10, 0x01, 0x00, 0x01, 0x00, 0x01, 0x00, 0x72, 0x0E, 0x33, 0x6E, 0x6E, 0x00,
    0x23, 0xA0, 0xC2, 0x11, 0x01, 0x00, 0x01, 0x00, 0x01, 0x00, 0x13, 0x58, 0x18, 0x00, 0x13, 0x7E,
    0x18, 0x00, 0x23, 0xA2, 0x72, 0x10, 0x01, 0x00, 0x01, 0x00, 0x01, 0x00, 0x72, 0x0E, 0x33, 0x6E,
    0x6E, 0x00, 0x23, 0xA0, 0xC2, 0x11, 0x01, 0x00, 0x01, 0x00, 0x01, 0x00, 0x13, 0x58, 0x18, 0x00,
    0x13, 0x7E, 0x18, 0x00, 0x23, 0xA2, 0x72, 0x10, 0x01, 0x00, 0x01, 0x00, 0x01, 0x00, 0x72, 0x0E,
    0x33, 0x6E, 0x6E, 0x00, 0x23, 0xA0, 0xC2, 0x11, 0x01, 0x00, 0x01, 0x00, 0x01, 0x00, 0x13, 0x58,
    0x18, 0x00, 0x13, 0x7E, 0x18, 0x00, 0x23, 0xA2, 0x72, 0x10, 0x01, 0x00, 0x01, 0x00, 0x01, 0x00,
    0x72, 0x0E, 0x33, 0x6E, 0x6E, 0x00, 0x23, 0xA0, 0xC2, 0x11, 0x01, 0x00, 0x01, 0x00, 0x01, 0x00,
    0x13, 0x58, 0x18, 0x00, 0x13, 0x7E, 0x18, 0x00, 0x23, 0xA2, 0x72, 0x10, 0x01, 0x00, 0x01, 0x00,
    0x01, 0x00, 0xFD, 0x16, 0xE3, 0x92, 0x06, 0xEE, 0x05, 0xCB, 0x03, 0xC8, 0x05, 0x00, 0x13, 0x7E,
    0x18, 0x00, 0x72, 0x0E, 0x33, 0x6E, 0x6E, 0x00, 0x23, 0xA0, 0xC2, 0x11, 0x01, 0x00, 0x01, 0x00,
    0x01, 0x00, 0x13, 0x58, 0x18, 0x00, 0x13, 0x7E, 0x18, 0x00, 0x23, 0xA2, 0x72, 0x10, 0x01, 0x00,
    0x01, 0x00, 0x01, 0x00, 0x7D, 0x17, 0x71, 0xFF, 0x82, 0x80, 0x01, 0x00, 0x73, 0x70, 0x04, 0x30,
    0xB7, 0x02, 0x0C, 0x00, 0x37, 0x03, 0x00, 0x40, 0xB7, 0x03, 0x00, 0x08, 0x13, 0x7E, 0x15, 0x00,
    0x72, 0x0E, 0x33, 0x6E, 0x6E, 0x00, 0x23, 0xA0, 0xC2, 0x11, 0x01, 0x00, 0x01, 0x00, 0x01, 0x00,
    0x05, 0x81, 0x13, 0x7E, 0x15, 0x00, 0x23, 0xA2, 0x72, 0x10, 0x01, 0x00, 0x01, 0x00, 0x01, 0x00,
    0x72, 0x0E, 0x33, 0x6E, 0x6E, 0x00, 0x23, 0xA0, 0xC2, 0x11, 0x01, 0x00, 0x01, 0x00, 0x01, 0x00,
    0x05, 0x81, 0x13, 0x7E, 0x15, 0x00, 0x23, 0xA2, 0x72, 0x10, 0x01, 0x00, 0x01, 0x00, 0x01, 0x00,
    0x72, 0x0E, 0x33, 0x6E, 0x6E, 0x00, 0x23, 0xA0, 0xC2, 0x11, 0x01, 0x00, 0x01, 0x00, 0x01, 0x00,
    0x05, 0x81, 0x13, 0x7E, 0x15, 0x00, 0x23, 0xA2, 0x72, 0x10, 0x01, 0x00, 0x01, 0x00, 0x01, 0x00,
    0x72, 0x0E, 0x33, 0x6E, 0x6E, 0x00, 0x23, 0xA0, 0xC2, 0x11, 0x01, 0x00, 0x01, 0x00, 0x01, 0x00,
    0x05, 0x81, 0x13, 0x7E, 0x15, 0x00, 0x23, 0xA2, 0x72, 0x10, 0x01, 0x00, 0x01, 0x00, 0x01, 0x00,
    0x72, 0x0E, 0x33, 0x6E, 0x6E, 0x00, 0x23, 0xA0, 0xC2, 0x11, 0x01, 0x00, 0x01, 0x00, 0x01, 0x00,
    0x05, 0x81, 0x13, 0x7E, 0x15, 0x00, 0x23, 0xA2, 0x72, 0x10, 0x01, 0x00, 0x01, 0x00, 0x01, 0x00,
    0x72, 0x0E, 0x33, 0x6E, 0x6E, 0x00, 0x23, 0xA0, 0xC2, 0x11, 0x01, 0x00, 0x01, 0x00, 0x01, 0x00,
    0x05, 0x81, 0x13, 0x7E, 0x15, 0x00, 0x23, 0xA2, 0x72, 0x10, 0x01, 0x00, 0x01, 0x00, 0x01, 0x00,
    0x72, 0x0E, 0x33, 0x6E, 0x6E, 0x00, 0x23, 0xA0, 0xC2, 0x11, 0x01, 0x00, 0x01, 0x00, 0x01, 0x00,
    0x05, 0x81, 0x13, 0x7E, 0x15, 0x00, 0x23, 0xA2, 0x72, 0x10, 0x01, 0x00, 0x01, 0x00, 0x01, 0x00,
    0x72, 0x0E, 0x33, 0x6E, 0x6E, 0x00, 0x23, 0xA0, 0xC2, 0x11, 0x01, 0x00, 0x01, 0x00, 0x01, 0x00,
    0x05, 0x81, 0x13, 0x7E, 0x15, 0x00, 0x23, 0xA2, 0x72, 0x10, 0x01, 0x00, 0x01, 0x00, 0x01, 0x00,
    0x83, 0xAF, 0x05, 0x00, 0x37, 0x0E, 0x00, 0x10, 0x23, 0xA4, 0x72, 0x10, 0x23, 0xA4, 0x62, 0x10,
    0x23, 0xA4, 0xC2, 0x21, 0x01, 0x00, 0x01, 0x00, 0x01, 0x00, 0x23, 0xA2, 0x72, 0x10, 0x01, 0x00,
    0x01, 0x00, 0x01, 0x00, 0x93, 0x97, 0x2F, 0x60, 0x85, 0x8B, 0x23, 0xA4, 0x72, 0x10, 0x01, 0x00,
    0x01, 0x00, 0x01, 0x00, 0x01, 0x00, 0x01, 0x00, 0x23, 0xA2, 0x72, 0x10, 0x01, 0x00, 0x01, 0x00,
    0x01, 0x00, 0x01, 0x00, 0x01, 0x00, 0x23, 0xA4, 0x72, 0x10, 0x01, 0x00, 0x03, 0xA8, 0x02, 0x00,
    0x01, 0x00, 0x01, 0x00, 0x01, 0x00, 0x23, 0xA2, 0x72, 0x10, 0x13, 0x55, 0xC8, 0x49, 0x01, 0x00,
    0x01, 0x00, 0x01, 0x00, 0x01, 0x00, 0x23, 0xA4, 0x72, 0x10, 0x01, 0x00, 0x03, 0xA8, 0x02, 0x00,
    0x01, 0x00, 0x01, 0x00, 0x01, 0x00, 0x23, 0xA2, 0x72, 0x10, 0x13, 0x58, 0xC8, 0x49, 0x33, 0x25,
    0xA8, 0x20, 0x01, 0x00, 0x01, 0x00, 0x01, 0x00, 0x23, 0xA4, 0x72, 0x10, 0x01, 0x00, 0x03, 0xA8,
    0x02, 0x00, 0x05, 0x4E, 0xB7, 0x0E, 0x00, 0x10, 0x01, 0x00, 0x23, 0xA2, 0x72, 0x10, 0x23, 0xA2,
    0xD2, 0x21, 0x13, 0x58, 0xC8, 0x49, 0x33, 0x45, 0xA8, 0x20, 0x63, 0x1C, 0xC5, 0x47, 0x13, 0xFE,
    0x1F, 0x00, 0x72, 0x0E, 0x33, 0x6E, 0x6E, 0x00, 0x23, 0xA0, 0xC2, 0x11, 0x01, 0x00, 0x01, 0x00,
    0x01, 0x00, 0x93, 0xDF, 0x1F, 0x00, 0x13, 0xFE, 0x1F, 0x00, 0x23, 0xA2, 0x72, 0x10, 0x01, 0x00,
    0x01, 0x00, 0x01, 0x00, 0x72, 0x0E, 0x33, 0x6E, 0x6E, 0x00, 0x23, 0xA0, 0xC2, 0x11, 0x01, 0x00,
    0x01, 0x00, 0x01, 0x00, 0x93, 0xDF, 0x1F, 0x00, 0x13, 0xFE, 0x1F, 0x00, 0x23, 0xA2, 0x72, 0x10,
    0x01, 0x00, 0x01, 0x00, 0x01, 0x00, 0x72, 0x0E, 0x33, 0x6E, 0x6E, 0x00, 0x23, 0xA0, 0xC2, 0x11,
    0x01, 0x00, 0x01, 0x00, 0x01, 0x00, 0x93, 0xDF, 0x1F, 0x00, 0x13, 0xFE, 0x1F, 0x00, 0x23, 0xA2,
    0x72, 0x10, 0x01, 0x00, 0x01, 0x00, 0x01, 0x00, 0x72, 0x0E, 0x33, 0x6E, 0x6E, 0x00, 0x23, 0xA0,
    0xC2, 0x11, 0x01, 0x00, 0x01, 0x00, 0x01, 0x00, 0x93, 0xDF, 0x1F, 0x00, 0x13, 0xFE, 0x1F, 0x00,
    0x23, 0xA2, 0x72, 0x10, 0x01, 0x00, 0x01, 0x00, 0x01, 0x00, 0x72, 0x0E, 0x33, 0x6E, 0x6E, 0x00,
    0x23, 0xA0, 0xC2, 0x11, 0x01, 0x00, 0x01, 0x00, 0x01, 0x00, 0x93, 0xDF, 0x1F, 0x00, 0x13, 0xFE,
    0x1F, 0x00, 0x23, 0xA2, 0x72, 0x10, 0x01, 0x00, 0x01, 0x00, 0x01, 0x00, 0x72, 0x0E, 0x33, 0x6E,
    0x6E, 0x00, 0x23, 0xA0, 0xC2, 0x11, 0x01, 0x00, 0x01, 0x00, 0x01, 0x00, 0x93, 0xDF, 0x1F, 0x00,
    0x13, 0xFE, 0x1F, 0x00, 0x23, 0xA2, 0x72, 0x10, 0x01, 0x00, 0x01, 0x00, 0x01, 0x00, 0x72, 0x0E,
    0x33, 0x6E, 0x6E, 0x00, 0x23, 0xA0, 0xC2, 0x11, 0x01, 0x00, 0x01, 0x00, 0x01, 0x00, 0x93, 0xDF,
    0x1F, 0x00, 0x13, 0xFE, 0x1F, 0x00, 0x23, 0xA2, 0x72, 0x10, 0x01, 0x00, 0x01, 0x00, 0x01, 0x00,
    0x72, 0x0E, 0x33, 0x6E, 0x6E, 0x00, 0x23, 0xA0, 0xC2, 0x11, 0x01, 0x00, 0x01, 0x00, 0x01, 0x00,
    0x93, 0xDF, 0x1F, 0x00, 0x13, 0xFE, 0x1F, 0x00, 0x23, 0xA2, 0x72, 0x10, 0x01, 0x00, 0x01, 0x00,
    0x01, 0x00, 0x72, 0x0E, 0x33, 0x6E, 0x6E, 0x00, 0x23, 0xA0, 0xC2, 0x11, 0x01, 0x00, 0x01, 0x00,
    0x01, 0x00, 0x93, 0xDF, 0x1F, 0x00, 0x13, 0xFE, 0x1F, 0x00, 0x23, 0xA2, 0x72, 0x10, 0x01, 0x00,
    0x01, 0x00, 0x01, 0x00, 0x72, 0x0E, 0x33, 0x6E, 0x6E, 0x00, 0x23, 0xA0, 0xC2, 0x11, 0x01, 0x00,
    0x01, 0x00, 0x01, 0x00, 0x93, 0xDF, 0x1F, 0x00, 0x13, 0xFE, 0x1F, 0x00, 0x23, 0xA2, 0x72, 0x10,
    0x01, 0x00, 0x01, 0x00, 0x01, 0x00, 0x72, 0x0E, 0x33, 0x6E, 0x6E, 0x00, 0x23, 0xA0, 0xC2, 0x11,
    0x01, 0x00, 0x01, 0x00, 0x01, 0x00, 0x93, 0xDF, 0x1F, 0x00, 0x13, 0xFE, 0x1F, 0x00, 0x23, 0xA2,
    0x72, 0x10, 0x01, 0x00, 0x01, 0x00, 0x01, 0x00, 0x72, 0x0E, 0x33, 0x6E, 0x6E, 0x00, 0x23, 0xA0,
    0xC2, 0x11, 0x01, 0x00, 0x01, 0x00, 0x01, 0x00, 0x93, 0xDF, 0x1F, 0x00, 0x13, 0xFE, 0x1F, 0x00,
    0x23, 0xA2, 0x72, 0x10, 0x01, 0x00, 0x01, 0x00, 0x01, 0x00, 0x72, 0x0E, 0x33, 0x6E, 0x6E, 0x00,
    0x23, 0xA0, 0xC2, 0x11, 0x01, 0x00, 0x01, 0x00, 0x01, 0x00, 0x93, 0xDF, 0x1F, 0x00, 0x13, 0xFE,
    0x1F, 0x00, 0x23, 0xA2, 0x72, 0x10, 0x01, 0x00, 0x01, 0x00, 0x01, 0x00, 0x72, 0x0E, 0x33, 0x6E,
    0x6E, 0x00, 0x23, 0xA0, 0xC2, 0x11, 0x01, 0x00, 0x01, 0x00, 0x01, 0x00, 0x93, 0xDF, 0x1F, 0x00,
    0x13, 0xFE, 0x1F, 0x00, 0x23, 0xA2, 0x72, 0x10, 0x01, 0x00, 0x01, 0x00, 0x01, 0x00, 0x72, 0x0E,
    0x33, 0x6E, 0x6E, 0x00, 0x23, 0xA0, 0xC2, 0x11, 0x01, 0x00, 0x01, 0x00, 0x01, 0x00, 0x93, 0xDF,
    0x1F, 0x00, 0x13, 0xFE, 0x1F, 0x00, 0x23, 0xA2, 0x72, 0x10, 0x01, 0x00, 0x01, 0x00, 0x01, 0x00,
    0x72, 0x0E, 0x33, 0x6E, 0x6E, 0x00, 0x23, 0xA0, 0xC2, 0x11, 0x01, 0x00, 0x01, 0x00, 0x01, 0x00,
    0x93, 0xDF, 0x1F, 0x00, 0x13, 0xFE, 0x1F, 0x00, 0x23, 0xA2, 0x72, 0x10, 0x01, 0x00, 0x01, 0x00,
    0x01, 0x00, 0x72, 0x0E, 0x33, 0x6E, 0x6E, 0x00, 0x23, 0xA0, 0xC2, 0x11, 0x01, 0x00, 0x01, 0x00,
    0x01, 0x00, 0x93, 0xDF, 0x1F, 0x00, 0x13, 0xFE, 0x1F, 0x00, 0x23, 0xA2, 0x72, 0x10, 0x01, 0x00,
    0x01, 0x00, 0x01, 0x00, 0x72, 0x0E, 0x33, 0x6E, 0x6E, 0x00, 0x23, 0xA0, 0xC2, 0x11, 0x01, 0x00,
    0x01, 0x00, 0x01, 0x00, 0x93, 0xDF, 0x1F, 0x00, 0x13, 0xFE, 0x1F, 0x00, 0x23, 0xA2, 0x72, 0x10,
    0x01, 0x00, 0x01, 0x00, 0x01, 0x00, 0x72, 0x0E, 0x33, 0x6E, 0x6E, 0x00, 0x23, 0xA0, 0xC2, 0x11,
    0x01, 0x00, 0x01, 0x00, 0x01, 0x00, 0x93, 0xDF, 0x1F, 0x00, 0x13, 0xFE, 0x1F, 0x00, 0x23, 0xA2,
    0x72, 0x10, 0x01, 0x00, 0x01, 0x00, 0x01, 0x00, 0x72, 0x0E, 0x33, 0x6E, 0x6E, 0x00, 0x23, 0xA0,
    0xC2, 0x11, 0x01, 0x00, 0x01, 0x00, 0x01, 0x00, 0x93, 0xDF, 0x1F, 0x00, 0x13, 0xFE, 0x1F, 0x00,
    0x23, 0xA2, 0x72, 0x10, 0x01, 0x00, 0x01, 0x00, 0x01, 0x00, 0x72, 0x0E, 0x33, 0x6E, 0x6E, 0x00,
    0x23, 0xA0, 0xC2, 0x11, 0x01, 0x00, 0x01, 0x00, 0x01, 0x00, 0x93, 0xDF, 0x1F, 0x00, 0x13, 0xFE,
    0x1F, 0x00, 0x23, 0xA2, 0x72, 0x10, 0x01, 0x00, 0x01, 0x00, 0x01, 0x00, 0x72, 0x0E, 0x33, 0x6E,
    0x6E, 0x00, 0x23, 0xA0, 0xC2, 0x11, 0x01, 0x00, 0x01, 0x00, 0x01, 0x00, 0x93, 0xDF, 0x1F, 0x00,
    0x13, 0xFE, 0x1F, 0x00, 0x23, 0xA2, 0x72, 0x10, 0x01, 0x00, 0x01, 0x00, 0x01, 0x00, 0x72, 0x0E,
    0x33, 0x6E, 0x6E, 0x00, 0x23, 0xA0, 0xC2, 0x11, 0x01, 0x00, 0x01, 0x00, 0x01, 0x00, 0x93, 0xDF,
    0x1F, 0x00, 0x13, 0xFE, 0x1F, 0x00, 0x23, 0xA2, 0x72, 0x10, 0x01, 0x00, 0x01, 0x00, 0x01, 0x00,
    0x72, 0x0E, 0x33, 0x6E, 0x6E, 0x00, 0x23, 0xA0, 0xC2, 0x11, 0x01, 0x00, 0x01, 0x00, 0x01, 0x00,
    0x93, 0xDF, 0x1F, 0x00, 0x13, 0xFE, 0x1F, 0x00, 0x23, 0xA2, 0x72, 0x10, 0x01, 0x00, 0x01, 0x00,
    0x01, 0x00, 0x72, 0x0E, 0x33, 0x6E, 0x6E, 0x00, 0x23, 0xA0, 0xC2, 0x11, 0x01, 0x00, 0x01, 0x00,
    0x01, 0x00, 0x93, 0xDF, 0x1F, 0x00, 0x13, 0xFE, 0x1F, 0x00, 0x23, 0xA2, 0x72, 0x10, 0x01, 0x00,
    0x01, 0x00, 0x01, 0x00, 0x72, 0x0E, 0x33, 0x6E, 0x6E, 0x00, 0x23, 0xA0, 0xC2, 0x11, 0x01, 0x00,
    0x01, 0x00, 0x01, 0x00, 0x93, 0xDF, 0x1F, 0x00, 0x13, 0xFE, 0x1F, 0x00, 0x23, 0xA2, 0x72, 0x10,
    0x01, 0x00, 0x01, 0x00, 0x01, 0x00, 0x72, 0x0E, 0x33, 0x6E, 0x6E, 0x00, 0x23, 0xA0, 0xC2, 0x11,
    0x01, 0x00, 0x01, 0x00, 0x01, 0x00, 0x93, 0xDF, 0x1F, 0x00, 0x13, 0xFE, 0x1F, 0x00, 0x23, 0xA2,
    0x72, 0x10, 0x01, 0x00, 0x01, 0x00, 0x01, 0x00, 0x72, 0x0E, 0x33, 0x6E, 0x6E, 0x00, 0x23, 0xA0,
    0xC2, 0x11, 0x01, 0x00, 0x01, 0x00, 0x01, 0x00, 0x93, 0xDF, 0x1F, 0x00, 0x13, 0xFE, 0x1F, 0x00,
    0x23, 0xA2, 0x72, 0x10, 0x01, 0x00, 0x01, 0x00, 0x01, 0x00, 0x72, 0x0E, 0x33, 0x6E, 0x6E, 0x00,
    0x23, 0xA0, 0xC2, 0x11, 0x01, 0x00, 0x01, 0x00, 0x01, 0x00, 0x93, 0xDF, 0x1F, 0x00, 0x13, 0xFE,
    0x1F, 0x00, 0x23, 0xA2, 0x72, 0x10, 0x01, 0x00, 0x01, 0x00, 0x01, 0x00, 0x72, 0x0E, 0x33, 0x6E,
    0x6E, 0x00, 0x23, 0xA0, 0xC2, 0x11, 0x01, 0x00, 0x01, 0x00, 0x01, 0x00, 0x93, 0xDF, 0x1F, 0x00,
    0x13, 0xFE, 0x1F, 0x00, 0x23, 0xA2, 0x72, 0x10, 0x01, 0x00, 0x01, 0x00, 0x01, 0x00, 0x72, 0x0E,
    0x33, 0x6E, 0x6E, 0x00, 0x23, 0xA0, 0xC2, 0x11, 0x01, 0x00, 0x01, 0x00, 0x01, 0x00, 0x93, 0xDF,
    0x1F, 0x00, 0x13, 0xFE, 0x1F, 0x00, 0x23, 0xA2, 0x72, 0x10, 0x01, 0x00, 0x01, 0x00, 0x01, 0x00,
    0x72, 0x0E, 0x33, 0x6E, 0x6E, 0x00, 0x23, 0xA0, 0xC2, 0x11, 0x01, 0x00, 0x01, 0x00, 0x01, 0x00,
    0x93, 0xDF, 0x1F, 0x00, 0x13, 0xFE, 0x1F, 0x00, 0x23, 0xA2, 0x72, 0x10, 0x01, 0x00, 0x01, 0x00,
    0x01, 0x00, 0x13, 0x9E, 0xC7, 0x01, 0x33, 0x6E, 0x6E, 0x00, 0x23, 0xA0, 0xC2, 0x11, 0x01, 0x00,
    0x01, 0x00, 0x01, 0x00, 0xB7, 0x0E, 0x00, 0x10, 0x01, 0x00, 0x23, 0xA2, 0x72, 0x10, 0x01, 0x00,
    0x01, 0x00, 0x01, 0x00, 0x01, 0x00, 0x01, 0x00, 0x23, 0xA2, 0xD2, 0x11, 0x73, 0x60, 0x04, 0x30,
    0x82, 0x80, 0x89, 0x4E, 0x11, 0x4F, 0x63, 0x05, 0xD5, 0x01, 0x63, 0x03, 0xE5, 0x01, 0x09, 0xA0,
    0x01, 0x00, 0x01, 0x00, 0xB7, 0x0E, 0x00, 0x10, 0x23, 0xA2, 0xD2, 0x11, 0x73, 0x60, 0x04, 0x30,
    0x82, 0x80, 0x01, 0x00, 0x73, 0x70, 0x04, 0x30, 0xB7, 0x02, 0x0C, 0x00, 0x37, 0x03, 0x00, 0x40,
    0xB7, 0x03, 0x00, 0x08, 0x13, 0x7E, 0x15, 0x00, 0x72, 0x0E, 0x33, 0x6E, 0x6E, 0x00, 0x23, 0xA0,
    0xC2, 0x11, 0x01, 0x00, 0x01, 0x00, 0x01, 0x00, 0x05, 0x81, 0x13, 0x7E, 0x15, 0x00, 0x23, 0xA2,
    0x72, 0x10, 0x01, 0x00, 0x01, 0x00, 0x01, 0x00, 0x72, 0x0E, 0x33, 0x6E, 0x6E, 0x00, 0x23, 0xA0,
    0xC2, 0x11, 0x01, 0x00, 0x01, 0x00, 0x01, 0x00, 0x05, 0x81, 0x13, 0x7E, 0x15, 0x00, 0x23, 0xA2,
    0x72, 0x10, 0x01, 0x00, 0x01, 0x00, 0x01, 0x00, 0x72, 0x0E, 0x33, 0x6E, 0x6E, 0x00, 0x23, 0xA0,
    0xC2, 0x11, 0x01, 0x00, 0x01, 0x00, 0x01, 0x00, 0x05, 0x81, 0x13, 0x7E, 0x15, 0x00, 0x23, 0xA2,
    0x72, 0x10, 0x01, 0x00, 0x01, 0x00, 0x01, 0x00, 0x72, 0x0E, 0x33, 0x6E, 0x6E, 0x00, 0x23, 0xA0,
    0xC2, 0x11, 0x01, 0x00, 0x01, 0x00, 0x01, 0x00, 0x05, 0x81, 0x13, 0x7E, 0x15, 0x00, 0x23, 0xA2,
    0x72, 0x10, 0x01, 0x00, 0x01, 0x00, 0x01, 0x00, 0x72, 0x0E, 0x33, 0x6E, 0x6E, 0x00, 0x23, 0xA0,
    0xC2, 0x11, 0x01, 0x00, 0x01, 0x00, 0x01, 0x00, 0x05, 0x81, 0x13, 0x7E, 0x15, 0x00, 0x23, 0xA2,
    0x72, 0x10, 0x01, 0x00, 0x01, 0x00, 0x01, 0x00, 0x72, 0x0E, 0x33, 0x6E, 0x6E, 0x00, 0x23, 0xA0,
    0xC2, 0x11, 0x01, 0x00, 0x01, 0x00, 0x01, 0x00, 0x05, 0x81, 0x13, 0x7E, 0x15, 0x00, 0x23, 0xA2,
    0x72, 0x10, 0x01, 0x00, 0x01, 0x00, 0x01, 0x00, 0x72, 0x0E, 0x33, 0x6E, 0x6E, 0x00, 0x23, 0xA0,
    0xC2, 0x11, 0x01, 0x00, 0x01, 0x00, 0x01, 0x00, 0x05, 0x81, 0x13, 0x7E, 0x15, 0x00, 0x23, 0xA2,
    0x72, 0x10, 0x01, 0x00, 0x01, 0x00, 0x01, 0x00, 0x72, 0x0E, 0x33, 0x6E, 0x6E, 0x00, 0x23, 0xA0,
    0xC2, 0x11, 0x01, 0x00, 0x01, 0x00, 0x01, 0x00, 0x05, 0x81, 0x13, 0x7E, 0x15, 0x00, 0x23, 0xA2,
    0x72, 0x10, 0x01, 0x00, 0x01, 0x00, 0x01, 0x00, 0x01, 0x00, 0x37, 0x0E, 0x00, 0x10, 0x23, 0xA4,
    0x72, 0x10, 0x23, 0xA4, 0x62, 0x10, 0x23, 0xA4, 0xC2, 0x21, 0x01, 0x00, 0x01, 0x00, 0x01, 0x00,
    0x23, 0xA2, 0x72, 0x10, 0x01, 0x00, 0x01, 0x00, 0x01, 0x00, 0x01, 0x00, 0x93, 0x07, 0x00, 0x00,
    0x23, 0xA4, 0x72, 0x10, 0x01, 0x00, 0x01, 0x00, 0x01, 0x00, 0x01, 0x00, 0x01, 0x00, 0x23, 0xA2,
    0x72, 0x10, 0x01, 0x00, 0x01, 0x00, 0x01, 0x00, 0x01, 0x00, 0x01, 0x00, 0x23, 0xA4, 0x72, 0x10,
    0x01, 0x00, 0x03, 0xA8, 0x02, 0x00, 0x01, 0x00, 0x01, 0x00, 0x01, 0x00, 0x23, 0xA2, 0x72, 0x10,
    0x13, 0x55, 0xC8, 0x49, 0x01, 0x00, 0x01, 0x00, 0x01, 0x00, 0x01, 0x00, 0x23, 0xA4, 0x72, 0x10,
    0x01, 0x00, 0x03, 0xA8, 0x02, 0x00, 0x01, 0x00, 0x01, 0x00, 0x01, 0x00, 0x23, 0xA2, 0x72, 0x10,
    0x13, 0x58, 0xC8, 0x49, 0x33, 0x25, 0xA8, 0x20, 0x01, 0x00, 0x01, 0x00, 0x01, 0x00, 0xB7, 0x0F,
    0x00, 0x80, 0x05, 0x4E, 0x03, 0xA8, 0x02, 0x00, 0x01, 0x00, 0x13, 0x58, 0xC8, 0x49, 0x33, 0x45,
    0xA8, 0x20, 0x63, 0x12, 0xC5, 0x4F, 0x23, 0xA4, 0x72, 0x10, 0x93, 0x0E, 0x00, 0x00, 0x93, 0x07,
    0x00, 0x00, 0x01, 0x00, 0x01, 0x00, 0x01, 0x00, 0x23, 0xA2, 0x72, 0x10, 0x37, 0x0E, 0x00, 0x80,
    0x01, 0x00, 0x01, 0x00, 0x01, 0x00, 0x01, 0x00, 0x23, 0xA4, 0x72, 0x10, 0x01, 0x00, 0x03, 0xA8,
    0x02, 0x00, 0x01, 0x00, 0x01, 0x00, 0x01, 0x00, 0x23, 0xA2, 0x72, 0x10, 0x01, 0x00, 0x01, 0x00,
    0x93, 0x5F, 0xC8, 0x49, 0xB3, 0xE7, 0xF7, 0x01, 0x93, 0xD7, 0x17, 0x60, 0x23, 0xA4, 0x72, 0x10,
    0x01, 0x00, 0x03, 0xA8, 0x02, 0x00, 0x01, 0x00, 0x01, 0x00, 0x01, 0x00, 0x23, 0xA2, 0x72, 0x10,
    0x01, 0x00, 0x01, 0x00, 0x93, 0x5F, 0xC8, 0x49, 0xB3, 0xE7, 0xF7, 0x01, 0x93, 0xD7, 0x17, 0x60,
    0x23, 0xA4, 0x72, 0x10, 0x01, 0x00, 0x03, 0xA8, 0x02, 0x00, 0x01, 0x00, 0x01, 0x00, 0x01, 0x00,
    0x23, 0xA2, 0x72, 0x10, 0x01, 0x00, 0x01, 0x00, 0x93, 0x5F, 0xC8, 0x49, 0xB3, 0xE7, 0xF7, 0x01,
    0x93, 0xD7, 0x17, 0x60, 0x23, 0xA4, 0x72, 0x10, 0x01, 0x00, 0x03, 0xA8, 0x02, 0x00, 0x01, 0x00,
    0x01, 0x00, 0x01, 0x00, 0x23, 0xA2, 0x72, 0x10, 0x01, 0x00, 0x01, 0x00, 0x93, 0x5F, 0xC8, 0x49,
    0xB3, 0xE7, 0xF7, 0x01, 0x93, 0xD7, 0x17, 0x60, 0x23, 0xA4, 0x72, 0x10, 0x01, 0x00, 0x03, 0xA8,
    0x02, 0x00, 0x01, 0x00, 0x01, 0x00, 0x01, 0x00, 0x23, 0xA2, 0x72, 0x10, 0x01, 0x00, 0x01, 0x00,
    0x93, 0x5F, 0xC8, 0x49, 0xB3, 0xE7, 0xF7, 0x01, 0x93, 0xD7, 0x17, 0x60, 0x23, 0xA4, 0x72, 0x10,
    0x01, 0x00, 0x03, 0xA8, 0x02, 0x00, 0x01, 0x00, 0x01, 0x00, 0x01, 0x00, 0x23, 0xA2, 0x72, 0x10,
    0x01, 0x00, 0x01, 0x00, 0x93, 0x5F, 0xC8, 0x49, 0xB3, 0xE7, 0xF7, 0x01, 0x93, 0xD7, 0x17, 0x60,
    0x23, 0xA4, 0x72, 0x10, 0x01, 0x00, 0x03, 0xA8, 0x02, 0x00, 0x01, 0x00, 0x01, 0x00, 0x01, 0x00,
    0x23, 0xA2, 0x72, 0x10, 0x01, 0x00, 0x01, 0x00, 0x93, 0x5F, 0xC8, 0x49, 0xB3, 0xE7, 0xF7, 0x01,
    0x93, 0xD7, 0x17, 0x60, 0x23, 0xA4, 0x72, 0x10, 0x01, 0x00, 0x03, 0xA8, 0x02, 0x00, 0x01, 0x00,
    0x01, 0x00, 0x01, 0x00, 0x23, 0xA2, 0x72, 0x10, 0x01, 0x00, 0x01, 0x00, 0x93, 0x5F, 0xC8, 0x49,
    0xB3, 0xE7, 0xF7, 0x01, 0x93, 0xD7, 0x17, 0x60, 0x23, 0xA4, 0x72, 0x10, 0x01, 0x00, 0x03, 0xA8,
    0x02, 0x00, 0x01, 0x00, 0x01, 0x00, 0x01, 0x00, 0x23, 0xA2, 0x72, 0x10, 0x01, 0x00, 0x01, 0x00,
    0x93, 0x5F, 0xC8, 0x49, 0xB3, 0xE7, 0xF7, 0x01, 0x93, 0xD7, 0x17, 0x60, 0x23, 0xA4, 0x72, 0x10,
    0x01, 0x00, 0x03, 0xA8, 0x02, 0x00, 0x01, 0x00, 0x01, 0x00, 0x01, 0x00, 0x23, 0xA2, 0x72, 0x10,
    0x01, 0x00, 0x01, 0x00, 0x93, 0x5F, 0xC8, 0x49, 0xB3, 0xE7, 0xF7, 0x01, 0x93, 0xD7, 0x17, 0x60,
    0x23, 0xA4, 0x72, 0x10, 0x01, 0x00, 0x03, 0xA8, 0x02, 0x00, 0x01, 0x00, 0x01, 0x00, 0x01, 0x00,
    0x23, 0xA2, 0x72, 0x10, 0x01, 0x00, 0x01, 0x00, 0x93, 0x5F, 0xC8, 0x49, 0xB3, 0xE7, 0xF7, 0x01,
    0x93, 0xD7, 0x17, 0x60, 0x23, 0xA4, 0x72, 0x10, 0x01, 0x00, 0x03, 0xA8, 0x02, 0x00, 0x01, 0x00,
    0x01, 0x00, 0x01, 0x00, 0x23, 0xA2, 0x72, 0x10, 0x01, 0x00, 0x01, 0x00, 0x93, 0x5F, 0xC8, 0x49,
    0xB3, 0xE7, 0xF7, 0x01, 0x93, 0xD7, 0x17, 0x60, 0x23, 0xA4, 0x72, 0x10, 0x01, 0x00, 0x03, 0xA8,
    0x02, 0x00, 0x01, 0x00, 0x01, 0x00, 0x01, 0x00, 0x23, 0xA2, 0x72, 0x10, 0x01, 0x00, 0x01, 0x00,
    0x93, 0x5F, 0xC8, 0x49, 0xB3, 0xE7, 0xF7, 0x01, 0x93, 0xD7, 0x17, 0x60, 0x23, 0xA4, 0x72, 0x10,
    0x01, 0x00, 0x03, 0xA8, 0x02, 0x00, 0x01, 0x00, 0x01, 0x00, 0x01, 0x00, 0x23, 0xA2, 0x72, 0x10,
    0x01, 0x00, 0x01, 0x00, 0x93, 0x5F, 0xC8, 0x49, 0xB3, 0xE7, 0xF7, 0x01, 0x93, 0xD7, 0x17, 0x60,
    0x23, 0xA4, 0x72, 0x10, 0x01, 0x00, 0x03, 0xA8, 0x02, 0x00, 0x01, 0x00, 0x01, 0x00, 0x01, 0x00,
    0x23, 0xA2, 0x72, 0x10, 0x01, 0x00, 0x01, 0x00, 0x93, 0x5F, 0xC8, 0x49, 0xB3, 0xE7, 0xF7, 0x01,
    0x93, 0xD7, 0x17, 0x60, 0x23, 0xA4, 0x72, 0x10, 0x01, 0x00, 0x03, 0xA8, 0x02, 0x00, 0x01, 0x00,
    0x01, 0x00, 0x01, 0x00, 0x23, 0xA2, 0x72, 0x10, 0x01, 0x00, 0x01, 0x00, 0x93, 0x5F, 0xC8, 0x49,
    0xB3, 0xE7, 0xF7, 0x01, 0x93, 0xD7, 0x17, 0x60, 0x23, 0xA4, 0x72, 0x10, 0x01, 0x00, 0x03, 0xA8,
    0x02, 0x00, 0x01, 0x00, 0x01, 0x00, 0x01, 0x00, 0x23, 0xA2, 0x72, 0x10, 0x01, 0x00, 0x01, 0x00,
    0x93, 0x5F, 0xC8, 0x49, 0xB3, 0xE7, 0xF7, 0x01, 0x93, 0xD7, 0x17, 0x60, 0x23, 0xA4, 0x72, 0x10,
    0x01, 0x00, 0x03, 0xA8, 0x02, 0x00, 0x01, 0x00, 0x01, 0x00, 0x01, 0x00, 0x23, 0xA2, 0x72, 0x10,
    0x01, 0x00, 0x01, 0x00, 0x93, 0x5F, 0xC8, 0x49, 0xB3, 0xE7, 0xF7, 0x01, 0x93, 0xD7, 0x17, 0x60,
    0x23, 0xA4, 0x72, 0x10, 0x01, 0x00, 0x03, 0xA8, 0x02, 0x00, 0x01, 0x00, 0x01, 0x00, 0x01, 0x00,
    0x23, 0xA2, 0x72, 0x10, 0x01, 0x00, 0x01, 0x00, 0x93, 0x5F, 0xC8, 0x49, 0xB3, 0xE7, 0xF7, 0x01,
    0x93, 0xD7, 0x17, 0x60, 0x23, 0xA4, 0x72, 0x10, 0x01, 0x00, 0x03, 0xA8, 0x02, 0x00, 0x01, 0x00,
    0x01, 0x00, 0x01, 0x00, 0x23, 0xA2, 0x72, 0x10, 0x01, 0x00, 0x01, 0x00, 0x93, 0x5F, 0xC8, 0x49,
    0xB3, 0xE7, 0xF7, 0x01, 0x93, 0xD7, 0x17, 0x60, 0x23, 0xA4, 0x72, 0x10, 0x01, 0x00, 0x03, 0xA8,
    0x02, 0x00, 0x01, 0x00, 0x01, 0x00, 0x01, 0x00, 0x23, 0xA2, 0x72, 0x10, 0x01, 0x00, 0x01, 0x00,
    0x93, 0x5F, 0xC8, 0x49, 0xB3, 0xE7, 0xF7, 0x01, 0x93, 0xD7, 0x17, 0x60, 0x23, 0xA4, 0x72, 0x10,
    0x01, 0x00, 0x03, 0xA8, 0x02, 0x00, 0x01, 0x00, 0x01, 0x00, 0x01, 0x00, 0x23, 0xA2, 0x72, 0x10,
    0x01, 0x00, 0x01, 0x00, 0x93, 0x5F, 0xC8, 0x49, 0xB3, 0xE7, 0xF7, 0x01, 0x93, 0xD7, 0x17, 0x60,
    0x23, 0xA4, 0x72, 0x10, 0x01, 0x00, 0x03, 0xA8, 0x02, 0x00, 0x01, 0x00, 0x01, 0x00, 0x01, 0x00,
    0x23, 0xA2, 0x72, 0x10, 0x01, 0x00, 0x01, 0x00, 0x93, 0x5F, 0xC8, 0x49, 0xB3, 0xE7, 0xF7, 0x01,
    0x93, 0xD7, 0x17, 0x60, 0x23, 0xA4, 0x72, 0x10, 0x01, 0x00, 0x03, 0xA8, 0x02, 0x00, 0x01, 0x00,
    0x01, 0x00, 0x01, 0x00, 0x23, 0xA2, 0x72, 0x10, 0x01, 0x00, 0x01, 0x00, 0x93, 0x5F, 0xC8, 0x49,
    0xB3, 0xE7, 0xF7, 0x01, 0x93, 0xD7, 0x17, 0x60, 0x23, 0xA4, 0x72, 0x10, 0x01, 0x00, 0x03, 0xA8,
    0x02, 0x00, 0x01, 0x00, 0x01, 0x00, 0x01, 0x00, 0x23, 0xA2, 0x72, 0x10, 0x01, 0x00, 0x01, 0x00,
    0x93, 0x5F, 0xC8, 0x49, 0xB3, 0xE7, 0xF7, 0x01, 0x93, 0xD7, 0x17, 0x60, 0x23, 0xA4, 0x72, 0x10,
    0x01, 0x00, 0x03, 0xA8, 0x02, 0x00, 0x01, 0x00, 0x01, 0x00, 0x01, 0x00, 0x23, 0xA2, 0x72, 0x10,
    0x01, 0x00, 0x01, 0x00, 0x93, 0x5F, 0xC8, 0x49, 0xB3, 0xE7, 0xF7, 0x01, 0x93, 0xD7, 0x17, 0x60,
    0x23, 0xA4, 0x72, 0x10, 0x01, 0x00, 0x03, 0xA8, 0x02, 0x00, 0x01, 0x00, 0x01, 0x00, 0x01, 0x00,
    0x23, 0xA2, 0x72, 0x10, 0x01, 0x00, 0x01, 0x00, 0x93, 0x5F, 0xC8, 0x49, 0xB3, 0xE7, 0xF7, 0x01,
    0x93, 0xD7, 0x17, 0x60, 0x23, 0xA4, 0x72, 0x10, 0x01, 0x00, 0x03, 0xA8, 0x02, 0x00, 0x01, 0x00,
    0x01, 0x00, 0x01, 0x00, 0x23, 0xA2, 0x72, 0x10, 0x01, 0x00, 0x01, 0x00, 0x93, 0x5F, 0xC8, 0x49,
    0xB3, 0xE7, 0xF7, 0x01, 0x93, 0xD7, 0x17, 0x60, 0x23, 0xA4, 0x72, 0x10, 0x01, 0x00, 0x03, 0xA8,
    0x02, 0x00, 0x01, 0x00, 0x01, 0x00, 0x01, 0x00, 0x23, 0xA2, 0x72, 0x10, 0x01, 0x00, 0x01, 0x00,
    0x93, 0x5F, 0xC8, 0x49, 0xB3, 0xE7, 0xF7, 0x01, 0x93, 0xD7, 0x17, 0x60, 0x23, 0xA4, 0x72, 0x10,
    0x01, 0x00, 0x03, 0xA8, 0x02, 0x00, 0x01, 0x00, 0x01, 0x00, 0x01, 0x00, 0x23, 0xA2, 0x72, 0x10,
    0x01, 0x00, 0x01, 0x00, 0x93, 0x5F, 0xC8, 0x49, 0xB3, 0xE7, 0xF7, 0x01, 0x93, 0xD7, 0x17, 0x60,
    0x23, 0xA4, 0x72, 0x10, 0x01, 0x00, 0x03, 0xA8, 0x02, 0x00, 0x01, 0x00, 0x01, 0x00, 0x01, 0x00,
    0x23, 0xA2, 0x72, 0x10, 0x01, 0x00, 0x01, 0x00, 0x93, 0x5F, 0xC8, 0x49, 0xB3, 0xE7, 0xF7, 0x01,
    0x93, 0xD7, 0x17, 0x60, 0x23, 0xA4, 0x72, 0x10, 0x01, 0x00, 0x03, 0xA8, 0x02, 0x00, 0x01, 0x00,
    0x01, 0x00, 0x01, 0x00, 0x23, 0xA2, 0x72, 0x10, 0x85, 0x83, 0x0E, 0x08, 0x33, 0x78, 0xC8, 0x01,
    0xB3, 0xE7, 0x07, 0x01, 0x01, 0x00, 0x23, 0xA4, 0x72, 0x10, 0x01, 0x00, 0x83, 0xAE, 0x02, 0x00,
    0x01, 0x00, 0x01, 0x00, 0x01, 0x00, 0x23, 0xA2, 0x72, 0x10, 0x93, 0xDE, 0xCE, 0x49, 0x13, 0x9F,
    0x27, 0x60, 0x13, 0x7F, 0x1F, 0x00, 0x23, 0xA2, 0x62, 0x10, 0x01, 0x00, 0x37, 0x0E, 0x00, 0x10,
    0x23, 0xA2, 0xC2, 0x21, 0x23, 0xA2, 0xC2, 0x11, 0x9C, 0xC1, 0x63, 0x83, 0xEE, 0x01, 0x21, 0x45,
    0x73, 0x60, 0x04, 0x30, 0x82, 0x80, 0x89, 0x4E, 0x11, 0x4F, 0x63, 0x05, 0xD5, 0x01, 0x63, 0x03,
    0xE5, 0x01, 0x05, 0xA8, 0x23, 0xA4, 0x72, 0x10, 0x23, 0xA2, 0x62, 0x10, 0x37, 0x0E, 0x00, 0x10,
    0x01, 0x00, 0x01, 0x00, 0x01, 0x00, 0x23, 0xA2, 0x72, 0x10, 0x01, 0x00, 0x01, 0x00, 0x01, 0x00,
    0x01, 0x00, 0x01, 0x00, 0x23, 0xA2, 0xC2, 0x11, 0x23, 0xA2, 0xC2, 0x21, 0x73, 0x60, 0x04, 0x30,
    0x82, 0x80, 0x23, 0xA4, 0x72, 0x10, 0x23, 0xA2, 0x62, 0x10, 0x37, 0x0E, 0x00, 0x10, 0x01, 0x00,
    0x01, 0x00, 0x01, 0x00, 0x23, 0xA2, 0x72, 0x10, 0x01, 0x00, 0x01, 0x00, 0x01, 0x00, 0x01, 0x00,
    0x01, 0x00, 0x23, 0xA2, 0xC2, 0x11, 0x23, 0xA2, 0xC2, 0x21, 0x73, 0x60, 0x04, 0x30, 0x82, 0x80,
};

const uint8_t swd_func_20m[4988] = 
{
    0xB7, 0x02, 0x0C, 0x00, 0x37, 0x03, 0x00, 0x40, 0xB7, 0x03, 0x00, 0x08, 0x93, 0x56, 0x35, 0x00,
    0x13, 0x77, 0x75, 0x00, 0x63, 0x82, 0x06, 0x18, 0x03, 0xC8, 0x05, 0x00, 0x85, 0x05, 0x13, 0x7E,
    0x18, 0x00, 0x72, 0x0E, 0x33, 0x6E, 0x6E, 0x00, 0x23, 0xA0, 0xC2, 0x11, 0x01, 0x00, 0x01, 0x00,
    0x01, 0x00, 0x01, 0x00, 0x01, 0x00, 0x01, 0x00, 0x13, 0x58, 0x18, 0x00, 0x13, 0x7E, 0x18, 0x00,
    0x23, 0xA2, 0x72, 0x10, 0x01, 0x00, 0x01, 0x00, 0x01, 0x00, 0x01, 0x00, 0x01, 0x00, 0x01, 0x00,
    0x72, 0x0E, 0x33, 0x6E, 0x6E, 0x00, 0x23, 0xA0, 0xC2, 0x11, 0x01, 0x00, 0x01, 0x00, 0x01, 0x00,
    0x01, 0x00, 0x01, 0x00, 0x01, 0x00, 0x13, 0x58, 0x18, 0x00, 0x13, 0x7E, 0x18, 0x00, 0x23, 0xA2,
    0x72, 0x10, 0x01, 0x00, 0x01, 0x00, 0x01, 0x00, 0x01, 0x00, 0x01, 0x00, 0x01, 0x00, 0x72, 0x0E,
    0x33, 0x6E, 0x6E, 0x00, 0x23, 0xA0, 0xC2, 0x11, 0x01, 0x00, 0x01, 0x00, 0x01, 0x00, 0x01, 0x00,
    0x01, 0x00, 0x01, 0x00, 0x13, 0x58, 0x18, 0x00, 0x13, 0x7E, 0x18, 0x00, 0x23, 0xA2, 0x72, 0x10,
    0x01, 0x00, 0x01, 0x00, 0x01, 0x00, 0x01, 0x00, 0x01, 0x00, 0x01, 0x00, 0x72, 0x0E, 0x33, 0x6E,
    0x6E, 0x00, 0x23, 0xA0, 0xC2, 0x11, 0x01, 0x00, 0x01, 0x00, 0x01, 0x00, 0x01, 0x00, 0x01, 0x00,
    0x01, 0x00, 0x13, 0x58, 0x18, 0x00, 0x13, 0x7E, 0x18, 0x00, 0x23, 0xA2, 0x72, 0x10, 0x01, 0x00,
    0x01, 0x00, 0x01, 0x00, 0x01, 0x00, 0x01, 0x00, 0x01, 0x00, 0x72, 0x0E, 0x33, 0x6E, 0x6E, 0x00,
    0x23, 0xA0, 0xC2, 0x11, 0x01, 0x00, 0x01, 0x00, 0x01, 0x00, 0x01, 0x00, 0x01, 0x00, 0x01, 0x00,
    0x13, 0x58, 0x18, 0x00, 0x13, 0x7E, 0x18, 0x00, 0x23, 0xA2, 0x72, 0x10, 0x01, 0x00, 0x01, 0x00,
    0x01, 0x00, 0x01, 0x00, 0x01, 0x00, 0x01, 0x00, 0x72, 0x0E, 0x33, 0x6E, 0x6E, 0x00, 0x23, 0xA0,
    0xC2, 0x11, 0x01, 0x00, 0x01, 0x00, 0x01, 0x00, 0x01, 0x00, 0x01, 0x00, 0x01, 0x00, 0x13, 0x58,
    0x18, 0x00, 0x13, 0x7E, 0x18, 0x00, 0x23, 0xA2, 0x72, 0x10, 0x01, 0x00, 0x01, 0x00, 0x01, 0x00,
    0x01, 0x00, 0x01, 0x00, 0x01, 0x00, 0x72, 0x0E, 0x33, 0x6E, 0x6E, 0x00, 0x23, 0xA0, 0xC2, 0x11,
    0x01, 0x00, 0x01, 0x00, 0x01, 0x00, 0x01, 0x00, 0x01, 0x00, 0x01, 0x00, 0x13, 0x58, 0x18, 0x00,
    0x13, 0x7E, 0x18, 0x00, 0x23, 0xA2, 0x72, 0x10, 0x01, 0x00, 0x01, 0x00, 0x01, 0x00, 0x01, 0x00,
    0x01, 0x00, 0x01, 0x00, 0x72, 0x0E, 0x33, 0x6E, 0x6E, 0x00, 0x23, 0xA0, 0xC2, 0x11, 0x01, 0x00,
    0x01, 0x00, 0x01, 0x00, 0x01, 0x00, 0x01, 0x00, 0x01, 0x00, 0x13, 0x58, 0x18, 0x00, 0x13, 0x7E,
    0x18, 0x00, 0x23, 0xA2, 0x72, 0x10, 0x01, 0x00, 0x01, 0x00, 0x01, 0x00, 0x01, 0x00, 0x01, 0x00,
    0x01, 0x00, 0xFD, 0x16, 0xE3, 0x92, 0x06, 0xE8, 0x15, 0xCF, 0x03, 0xC8, 0x05, 0x00, 0x13, 0x7E,
    0x18, 0x00, 0x72, 0x0E, 0x33, 0x6E, 0x6E, 0x00, 0x23, 0xA0, 0xC2, 0x11, 0x01, 0x00, 0x01, 0x00,
    0x01, 0x00, 0x01, 0x00, 0x01, 0x00, 0x01, 0x00, 0x13, 0x58, 0x18, 0x00, 0x13, 0x7E, 0x18, 0x00,
    0x23, 0xA2, 0x72, 0x10, 0x01, 0x00, 0x01, 0x00, 0x01, 0x00, 0x01, 0x00, 0x01, 0x00, 0x01, 0x00,
    0x7D, 0x17, 0x61, 0xFB, 0x82, 0x80, 0x01, 0x00, 0x73, 0x70, 0x04, 0x30, 0xB7, 0x02, 0x0C, 0x00,
    0x37, 0x03, 0x00, 0x40, 0xB7, 0x03, 0x00, 0x08, 0x13, 0x7E, 0x15, 0x00, 0x72, 0x0E, 0x33, 0x6E,
    0x6E, 0x00, 0x23, 0xA0, 0xC2, 0x11, 0x01, 0x00, 0x01, 0x00, 0x01, 0x00, 0x01, 0x00, 0x01, 0x00,
    0x01, 0x00, 0x05, 0x81, 0x13, 0x7E, 0x15, 0x00, 0x23, 0xA2, 0x72, 0x10, 0x01, 0x00, 0x01, 0x00,
    0x01, 0x00, 0x01, 0x00, 0x01, 0x00, 0x01, 0x00, 0x72, 0x0E, 0x33, 0x6E, 0x6E, 0x00, 0x23, 0xA0,
    0xC2, 0x11, 0x01, 0x00, 0x01, 0x00, 0x01, 0x00, 0x01, 0x00, 0x01, 0x00, 0x01, 0x00, 0x05, 0x81,
    0x13, 0x7E, 0x15, 0x00, 0x23, 0xA2, 0x72, 0x10, 0x01, 0x00, 0x01, 0x00, 0x01, 0x00, 0x01, 0x00,
    0x01, 0x00, 0x01, 0x00, 0x72, 0x0E, 0x33, 0x6E, 0x6E, 0x00, 0x23, 0xA0, 0xC2, 0x11, 0x01, 0x00,
    0x01, 0x00, 0x01, 0x00, 0x01, 0x00, 0x01, 0x00, 0x01, 0x00, 0x05, 0x81, 0x13, 0x7E, 0x15, 0x00,
    0x23, 0xA2, 0x72, 0x10, 0x01, 0x00, 0x01, 0x00, 0x01, 0x00, 0x01, 0x00, 0x01, 0x00, 0x01, 0x00,
    0x72, 0x0E, 0x33, 0x6E, 0x6E, 0x00, 0x23, 0xA0, 0xC2, 0x11, 0x01, 0x00, 0x01, 0x00, 0x01, 0x00,
    0x01, 0x00, 0x01, 0x00, 0x01, 0x00, 0x05, 0x81, 0x13, 0x7E, 0x15, 0x00, 0x23, 0xA2, 0x72, 0x10,
    0x01, 0x00, 0x01, 0x00, 0x01, 0x00, 0x01, 0x00, 0x01, 0x00, 0x01, 0x00, 0x72, 0x0E, 0x33, 0x6E,
    0x6E, 0x00, 0x23, 0xA0, 0xC2, 0x11, 0x01, 0x00, 0x01, 0x00, 0x01, 0x00, 0x01, 0x00, 0x01, 0x00,
    0x01, 0x00, 0x05, 0x81, 0x13, 0x7E, 0x15, 0x00, 0x23, 0xA2, 0x72, 0x10, 0x01, 0x00, 0x01, 0x00,
    0x01, 0x00, 0x01, 0x00, 0x01, 0x00, 0x01, 0x00, 0x72, 0x0E, 0x33, 0x6E, 0x6E, 0x00, 0x23, 0xA0,
    0xC2, 0x11, 0x01, 0x00, 0x01, 0x00, 0x01, 0x00, 0x01, 0x00, 0x01, 0x00, 0x01, 0x00, 0x05, 0x81,
    0x13, 0x7E, 0x15, 0x00, 0x23, 0xA2, 0x72, 0x10, 0x01, 0x00, 0x01, 0x00, 0x01, 0x00, 0x01, 0x00,
    0x01, 0x00, 0x01, 0x00, 0x72, 0x0E, 0x33, 0x6E, 0x6E, 0x00, 0x23, 0xA0, 0xC2, 0x11, 0x01, 0x00,
    0x01, 0x00, 0x01, 0x00, 0x01, 0x00, 0x01, 0x00, 0x01, 0x00, 0x05, 0x81, 0x13, 0x7E, 0x15, 0x00,
    0x23, 0xA2, 0x72, 0x10, 0x01, 0x00, 0x01, 0x00, 0x01, 0x00, 0x01, 0x00, 0x01, 0x00, 0x01, 0x00,
    0x72, 0x0E, 0x33, 0x6E, 0x6E, 0x00, 0x23, 0xA0, 0xC2, 0x11, 0x01, 0x00, 0x01, 0x00, 0x01, 0x00,
    0x01, 0x00, 0x01, 0x00, 0x01, 0x00, 0x05, 0x81, 0x13, 0x7E, 0x15, 0x00, 0x23, 0xA2, 0x72, 0x10,
    0x01, 0x00, 0x01, 0x00, 0x01, 0x00, 0x01, 0x00, 0x01, 0x00, 0x01, 0x00, 0x83, 0xAF, 0x05, 0x00,
    0x37, 0x0E, 0x00, 0x10, 0x23, 0xA4, 0x72, 0x10, 0x23, 0xA4, 0x62, 0x10, 0x23, 0xA4, 0xC2, 0x21,
    0x01, 0x00, 0x01, 0x00, 0x01, 0x00, 0x01, 0x00, 0x01, 0x00, 0x01, 0x00, 0x23, 0xA2, 0x72, 0x10,
    0x01, 0x00, 0x01, 0x00, 0x01, 0x00, 0x01, 0x00, 0x01, 0x00, 0x01, 0x00, 0x93, 0x97, 0x2F, 0x60,
    0x85, 0x8B, 0x23, 0xA4, 0x72, 0x10, 0x01, 0x00, 0x01, 0x00, 0x01, 0x00, 0x01, 0x00, 0x01, 0x00,
    0x01, 0x00, 0x01, 0x00, 0x01, 0x00, 0x23, 0xA2, 0x72, 0x10, 0x01, 0x00, 0x01, 0x00, 0x01, 0x00,
    0x01, 0x00, 0x01, 0x00, 0x01, 0x00, 0x03, 0xA8, 0x02, 0x00, 0x01, 0x00, 0x23, 0xA4, 0x72, 0x10,
    0x13, 0x55, 0xC8, 0x49, 0x01, 0x00, 0x01, 0x00, 0x01, 0x00, 0x01, 0x00, 0x01, 0x00, 0x01, 0x00,
    0x01, 0x00, 0x23, 0xA2, 0x72, 0x10, 0x01, 0x00, 0x01, 0x00, 0x01, 0x00, 0x01, 0x00, 0x01, 0x00,
    0x01, 0x00, 0x03, 0xA8, 0x02, 0x00, 0x01, 0x00, 0x23, 0xA4, 0x72, 0x10, 0x13, 0x58, 0xC8, 0x49,
    0x33, 0x25, 0xA8, 0x20, 0x01, 0x00, 0x01, 0x00, 0x01, 0x00, 0x01, 0x00, 0x01, 0x00, 0x01, 0x00,
    0x23, 0xA2, 0x72, 0x10, 0x01, 0x00, 0x01, 0x00, 0x01, 0x00, 0x01, 0x00, 0x01, 0x00, 0x01, 0x00,
    0x03, 0xA8, 0x02, 0x00, 0x01, 0x00, 0x23, 0xA4, 0x72, 0x10, 0x13, 0x58, 0xC8, 0x49, 0x33, 0x45,
    0xA8, 0x20, 0x05, 0x4E, 0xB7, 0x0E, 0x00, 0x10, 0x01, 0x00, 0x01, 0x00, 0x01, 0x00, 0x01, 0x00,
    0x23, 0xA2, 0x72, 0x10, 0x23, 0xA2, 0xD2, 0x21, 0x01, 0x00, 0x01, 0x00, 0x01, 0x00, 0x63, 0x12,
    0xC5, 0x61, 0x13, 0xFE, 0x1F, 0x00, 0x72, 0x0E, 0x33, 0x6E, 0x6E, 0x00, 0x23, 0xA0, 0xC2, 0x11,
    0x01, 0x00, 0x01, 0x00, 0x01, 0x00, 0x01, 0x00, 0x01, 0x00, 0x01, 0x00, 0x93, 0xDF, 0x1F, 0x00,
    0x13, 0xFE, 0x1F, 0x00, 0x23, 0xA2, 0x72, 0x10, 0x01, 0x00, 0x01, 0x00, 0x01, 0x00, 0x01, 0x00,
    0x01, 0x00, 0x01, 0x00, 0x72, 0x0E, 0x33, 0x6E, 0x6E, 0x00, 0x23, 0xA0, 0xC2, 0x11, 0x01, 0x00,
    0x01, 0x00, 0x01, 0x00, 0x01, 0x00, 0x01, 0x00, 0x01, 0x00, 0x93, 0xDF, 0x1F, 0x00, 0x13, 0xFE,
    0x1F, 0x00, 0x23, 0xA2, 0x72, 0x10, 0x01, 0x00, 0x01, 0x00, 0x01, 0x00, 0x01, 0x00, 0x01, 0x00,
    0x01, 0x00, 0x72, 0x0E, 0x33, 0x6E, 0x6E, 0x00, 0x23, 0xA0, 0xC2, 0x11, 0x01, 0x00, 0x01, 0x00,
    0x01, 0x00, 0x01, 0x00, 0x01, 0x00, 0x01, 0x00, 0x93, 0xDF, 0x1F, 0x00, 0x13, 0xFE, 0x1F, 0x00,
    0x23, 0xA2, 0x72, 0x10, 0x01, 0x00, 0x01, 0x00, 0x01, 0x00, 0x01, 0x00, 0x01, 0x00, 0x01, 0x00,
    0x72, 0x0E, 0x33, 0x6E, 0x6E, 0x00, 0x23, 0xA0, 0xC2, 0x11, 0x01, 0x00, 0x01, 0x00, 0x01, 0x00,
    0x01, 0x00, 0x01, 0x00, 0x01, 0x00, 0x93, 0xDF, 0x1F, 0x00, 0x13, 0xFE, 0x1F, 0x00, 0x23, 0xA2,
    0x72, 0x10, 0x01, 0x00, 0x01, 0x00, 0x01, 0x00, 0x01, 0x00, 0x01, 0x00, 0x01, 0x00, 0x72, 0x0E,
    0x33, 0x6E, 0x6E, 0x00, 0x23, 0xA0, 0xC2, 0x11, 0x01, 0x00, 0x01, 0x00, 0x01, 0x00, 0x01, 0x00,
    0x01, 0x00, 0x01, 0x00, 0x93, 0xDF, 0x1F, 0x00, 0x13, 0xFE, 0x1F, 0x00, 0x23, 0xA2, 0x72, 0x10,
    0x01, 0x00, 0x01, 0x00, 0x01, 0x00, 0x01, 0x00, 0x01, 0x00, 0x01, 0x00, 0x72, 0x0E, 0x33, 0x6E,
    0x6E, 0x00, 0x23, 0xA0, 0xC2, 0x11, 0x01, 0x00, 0x01, 0x00, 0x01, 0x00, 0x01, 0x00, 0x01, 0x00,
    0x01, 0x00, 0x93, 0xDF, 0x1F, 0x00, 0x13, 0xFE, 0x1F, 0x00, 0x23, 0xA2, 0x72, 0x10, 0x01, 0x00,
    0x01, 0x00, 0x01, 0x00, 0x01, 0x00, 0x01, 0x00, 0x01, 0x00, 0x72, 0x0E, 0x33, 0x6E, 0x6E, 0x00,
    0x23, 0xA0, 0xC2, 0x11, 0x01, 0x00, 0x01, 0x00, 0x01, 0x00, 0x01, 0x00, 0x01, 0x00, 0x01, 0x00,
    0x93, 0xDF, 0x1F, 0x00, 0x13, 0xFE, 0x1F, 0x00, 0x23, 0xA2, 0x72, 0x10, 0x01, 0x00, 0x01, 0x00,
    0x01, 0x00, 0x01, 0x00, 0x01, 0x00, 0x01, 0x00, 0x72, 0x0E, 0x33, 0x6E, 0x6E, 0x00, 0x23, 0xA0,
    0xC2, 0x11, 0x01, 0x00, 0x01, 0x00, 0x01, 0x00, 0x01, 0x00, 0x01, 0x00, 0x01, 0x00, 0x93, 0xDF,
    0x1F, 0x00, 0x13, 0xFE, 0x1F, 0x00, 0x23, 0xA2, 0x72, 0x10, 0x01, 0x00, 0x01, 0x00, 0x01, 0x00,
    0x01, 0x00, 0x01, 0x00, 0x01, 0x00, 0x72, 0x0E, 0x33, 0x6E, 0x6E, 0x00, 0x23, 0xA0, 0xC2, 0x11,
    0x01, 0x00, 0x01, 0x00, 0x01, 0x00, 0x01, 0x00, 0x01, 0x00, 0x01, 0x00, 0x93, 0xDF, 0x1F, 0x00,
    0x13, 0xFE, 0x1F, 0x00, 0x23, 0xA2, 0x72, 0x10, 0x01, 0x00, 0x01, 0x00, 0x01, 0x00, 0x01, 0x00,
    0x01, 0x00, 0x01, 0x00, 0x72, 0x0E, 0x33, 0x6E, 0x6E, 0x00, 0x23, 0xA0, 0xC2, 0x11, 0x01, 0x00,
    0x01, 0x00, 0x01, 0x00, 0x01, 0x00, 0x01, 0x00, 0x01, 0x00, 0x93, 0xDF, 0x1F, 0x00, 0x13, 0xFE,
    0x1F, 0x00, 0x23, 0xA2, 0x72, 0x10, 0x01, 0x00, 0x01, 0x00, 0x01, 0x00, 0x01, 0x00, 0x01, 0x00,
    0x01, 0x00, 0x72, 0x0E, 0x33, 0x6E, 0x6E, 0x00, 0x23, 0xA0, 0xC2, 0x11, 0x01, 0x00, 0x01, 0x00,
    0x01, 0x00, 0x01, 0x00, 0x01, 0x00, 0x01, 0x00, 0x93, 0xDF, 0x1F, 0x00, 0x13, 0xFE, 0x1F, 0x00,
    0x23, 0xA2, 0x72, 0x10, 0x01, 0x00, 0x01, 0x00, 0x01, 0x00, 0x01, 0x00, 0x01, 0x00, 0x01, 0x00,
    0x72, 0x0E, 0x33, 0x6E, 0x6E, 0x00, 0x23, 0xA0, 0xC2, 0x11, 0x01, 0x00, 0x01, 0x00, 0x01, 0x00,
    0x01, 0x00, 0x01, 0x00, 0x01, 0x00, 0x93, 0xDF, 0x1F, 0x00, 0x13, 0xFE, 0x1F, 0x00, 0x23, 0xA2,
    0x72, 0x10, 0x01, 0x00, 0x01, 0x00, 0x01, 0x00, 0x01, 0x00, 0x01, 0x00, 0x01, 0x00, 0x72, 0x0E,
    0x33, 0x6E, 0x6E, 0x00, 0x23, 0xA0, 0xC2, 0x11, 0x01, 0x00, 0x01, 0x00, 0x01, 0x00, 0x01, 0x00,
    0x01, 0x00, 0x01, 0x00, 0x93, 0xDF, 0x1F, 0x00, 0x13, 0xFE, 0x1F, 0x00, 0x23, 0xA2, 0x72, 0x10,
    0x01, 0x00, 0x01, 0x00, 0x01, 0x00, 0x01, 0x00, 0x01, 0x00, 0x01, 0x00, 0x72, 0x0E, 0x33, 0x6E,
    0x6E, 0x00, 0x23, 0xA0, 0xC2, 0x11, 0x01, 0x00, 0x01, 0x00, 0x01, 0x00, 0x01, 0x00, 0x01, 0x00,
    0x01, 0x00, 0x93, 0xDF, 0x1F, 0x00, 0x13, 0xFE, 0x1F, 0x00, 0x23, 0xA2, 0x72, 0x10, 0x01, 0x00,
    0x01, 0x00, 0x01, 0x00, 0x01, 0x00, 0x01, 0x00, 0x01, 0x00, 0x72, 0x0E, 0x33, 0x6E, 0x6E, 0x00,
    0x23, 0xA0, 0xC2, 0x11, 0x01, 0x00, 0x01, 0x00, 0x01, 0x00, 0x01, 0x00, 0x01, 0x00, 0x01, 0x00,
    0x93, 0xDF, 0x1F, 0x00, 0x13, 0xFE, 0x1F, 0x00, 0x23, 0xA2, 0x72, 0x10, 0x01, 0x00, 0x01, 0x00,
    0x01, 0x00, 0x01, 0x00, 0x01, 0x00, 0x01, 0x00, 0x72, 0x0E, 0x33, 0x6E, 0x6E, 0x00, 0x23, 0xA0,
    0xC2, 0x11, 0x01, 0x00, 0x01, 0x00, 0x01, 0x00, 0x01, 0x00, 0x01, 0x00, 0x01, 0x00, 0x93, 0xDF,
    0x1F, 0x00, 0x13, 0xFE, 0x1F, 0x00, 0x23, 0xA2, 0x72, 0x10, 0x01, 0x00, 0x01, 0x00, 0x01, 0x00,
    0x01, 0x00, 0x01, 0x00, 0x01, 0x00, 0x72, 0x0E, 0x33, 0x6E, 0x6E, 0x00, 0x23, 0xA0, 0xC2, 0x11,
    0x01, 0x00, 0x01, 0x00, 0x01, 0x00, 0x01, 0x00, 0x01, 0x00, 0x01, 0x00, 0x93, 0xDF, 0x1F, 0x00,
    0x13, 0xFE, 0x1F, 0x00, 0x23, 0xA2, 0x72, 0x10, 0x01, 0x00, 0x01, 0x00, 0x01, 0x00, 0x01, 0x00,
    0x01, 0x00, 0x01, 0x00, 0x72, 0x0E, 0x33, 0x6E, 0x6E, 0x00, 0x23, 0xA0, 0xC2, 0x11, 0x01, 0x00,
    0x01, 0x00, 0x01, 0x00, 0x01, 0x00, 0x01, 0x00, 0x01, 0x00, 0x93, 0xDF, 0x1F, 0x00, 0x13, 0xFE,
    0x1F, 0x00, 0x23, 0xA2, 0x72, 0x10, 0x01, 0x00, 0x01, 0x00, 0x01, 0x00, 0x01, 0x00, 0x01, 0x00,
    0x01, 0x00, 0x72, 0x0E, 0x33, 0x6E, 0x6E, 0x00, 0x23, 0xA0, 0xC2, 0x11, 0x01, 0x00, 0x01, 0x00,
    0x01, 0x00, 0x01, 0x00, 0x01, 0x00, 0x01, 0x00, 0x93, 0xDF, 0x1F, 0x00, 0x13, 0xFE, 0x1F, 0x00,
    0x23, 0xA2, 0x72, 0x10, 0x01, 0x00, 0x01, 0x00, 0x01, 0x00, 0x01, 0x00, 0x01, 0x00, 0x01, 0x00,
    0x72, 0x0E, 0x33, 0x6E, 0x6E, 0x00, 0x23, 0xA0, 0xC2, 0x11, 0x01, 0x00, 0x01, 0x00, 0x01, 0x00,
    0x01, 0x00, 0x01, 0x00, 0x01, 0x00, 0x93, 0xDF, 0x1F, 0x00, 0x13, 0xFE, 0x1F, 0x00, 0x23, 0xA2,
    0x72, 0x10, 0x01, 0x00, 0x01, 0x00, 0x01, 0x00, 0x01, 0x00, 0x01, 0x00, 0x01, 0x00, 0x72, 0x0E,
    0x33, 0x6E, 0x6E, 0x00, 0x23, 0xA0, 0xC2, 0x11, 0x01, 0x00, 0x01, 0x00, 0x01, 0x00, 0x01, 0x00,
    0x01, 0x00, 0x01, 0x00, 0x93, 0xDF, 0x1F, 0x00, 0x13, 0xFE, 0x1F, 0x00, 0x23, 0xA2, 0x72, 0x10,
    0x01, 0x00, 0x01, 0x00, 0x01, 0x00, 0x01, 0x00, 0x01, 0x00, 0x01, 0x00, 0x72, 0x0E, 0x33, 0x6E,
    0x6E, 0x00, 0x23, 0xA0, 0xC2, 0x11, 0x01, 0x00, 0x01, 0x00, 0x01, 0x00, 0x01, 0x00, 0x01, 0x00,
    0x01, 0x00, 0x93, 0xDF, 0x1F, 0x00, 0x13, 0xFE, 0x1F, 0x00, 0x23, 0xA2, 0x72, 0x10, 0x01, 0x00,
    0x01, 0x00, 0x01, 0x00, 0x01, 0x00, 0x01, 0x00, 0x01, 0x00, 0x72, 0x0E, 0x33, 0x6E, 0x6E, 0x00,
    0x23, 0xA0, 0xC2, 0x11, 0x01, 0x00, 0x01, 0x00, 0x01, 0x00, 0x01, 0x00, 0x01, 0x00, 0x01, 0x00,
    0x93, 0xDF, 0x1F, 0x00, 0x13, 0xFE, 0x1F, 0x00, 0x23, 0xA2, 0x72, 0x10, 0x01, 0x00, 0x01, 0x00,
    0x01, 0x00, 0x01, 0x00, 0x01, 0x00, 0x01, 0x00, 0x72, 0x0E, 0x33, 0x6E, 0x6E, 0x00, 0x23, 0xA0,
    0xC2, 0x11, 0x01, 0x00, 0x01, 0x00, 0x01, 0x00, 0x01, 0x00, 0x01, 0x00, 0x01, 0x00, 0x93, 0xDF,
    0x1F, 0x00, 0x13, 0xFE, 0x1F, 0x00, 0x23, 0xA2, 0x72, 0x10, 0x01, 0x00, 0x01, 0x00, 0x01, 0x00,
    0x01, 0x00, 0x01, 0x00, 0x01, 0x00, 0x72, 0x0E, 0x33, 0x6E, 0x6E, 0x00, 0x23, 0xA0, 0xC2, 0x11,
    0x01, 0x00, 0x01, 0x00, 0x01, 0x00, 0x01, 0x00, 0x01, 0x00, 0x01, 0x00, 0x93, 0xDF, 0x1F, 0x00,
    0x13, 0xFE, 0x1F, 0x00, 0x23, 0xA2, 0x72, 0x10, 0x01, 0x00, 0x01, 0x00, 0x01, 0x00, 0x01, 0x00,
    0x01, 0x00, 0x01, 0x00, 0x72, 0x0E, 0x33, 0x6E, 0x6E, 0x00, 0x23, 0xA0, 0xC2, 0x11, 0x01, 0x00,
    0x01, 0x00, 0x01, 0x00, 0x01, 0x00, 0x01, 0x00, 0x01, 0x00, 0x93, 0xDF, 0x1F, 0x00, 0x13, 0xFE,
    0x1F, 0x00, 0x23, 0xA2, 0x72, 0x10, 0x01, 0x00, 0x01, 0x00, 0x01, 0x00, 0x01, 0x00, 0x01, 0x00,
    0x01, 0x00, 0x72, 0x0E, 0x33, 0x6E, 0x6E, 0x00, 0x23, 0xA0, 0xC2, 0x11, 0x01, 0x00, 0x01, 0x00,
    0x01, 0x00, 0x01, 0x00, 0x01, 0x00, 0x01, 0x00, 0x93, 0xDF, 0x1F, 0x00, 0x13, 0xFE, 0x1F, 0x00,
    0x23, 0xA2, 0x72, 0x10, 0x01, 0x00, 0x01, 0x00, 0x01, 0x00, 0x01, 0x00, 0x01, 0x00, 0x01, 0x00,
    0x72, 0x0E, 0x33, 0x6E, 0x6E, 0x00, 0x23, 0xA0, 0xC2, 0x11, 0x01, 0x00, 0x01, 0x00, 0x01, 0x00,
    0x01, 0x00, 0x01, 0x00, 0x01, 0x00, 0x93, 0xDF, 0x1F, 0x00, 0x13, 0xFE, 0x1F, 0x00, 0x23, 0xA2,
    0x72, 0x10, 0x01, 0x00, 0x01, 0x00, 0x01, 0x00, 0x01, 0x00, 0x01, 0x00, 0x01, 0x00, 0x72, 0x0E,
    0x33, 0x6E, 0x6E, 0x00, 0x23, 0xA0, 0xC2, 0x11, 0x01, 0x00, 0x01, 0x00, 0x01, 0x00, 0x01, 0x00,
    0x01, 0x00, 0x01, 0x00, 0x93, 0xDF, 0x1F, 0x00, 0x13, 0xFE, 0x1F, 0x00, 0x23, 0xA2, 0x72, 0x10,
    0x01, 0x00, 0x01, 0x00, 0x01, 0x00, 0x01, 0x00, 0x01, 0x00, 0x01, 0x00, 0x72, 0x0E, 0x33, 0x6E,
    0x6E, 0x00, 0x23, 0xA0, 0xC2, 0x11, 0x01, 0x00, 0x01, 0x00, 0x01, 0x00, 0x01, 0x00, 0x01, 0x00,
    0x01, 0x00, 0x93, 0xDF, 0x1F, 0x00, 0x13, 0xFE, 0x1F, 0x00, 0x23, 0xA2, 0x72, 0x10, 0x01, 0x00,
    0x01, 0x00, 0x01, 0x00, 0x01, 0x00, 0x01, 0x00, 0x01, 0x00, 0x72, 0x0E, 0x33, 0x6E, 0x6E, 0x00,
    0x23, 0xA0, 0xC2, 0x11, 0x01, 0x00, 0x01, 0x00, 0x01, 0x00, 0x01, 0x00, 0x01, 0x00, 0x01, 0x00,
    0x93, 0xDF, 0x1F, 0x00, 0x13, 0xFE, 0x1F, 0x00, 0x23, 0xA2, 0x72, 0x10, 0x01, 0x00, 0x01, 0x00,
    0x01, 0x00, 0x01, 0x00, 0x01, 0x00, 0x01, 0x00, 0x72, 0x0E, 0x33, 0x6E, 0x6E, 0x00, 0x23, 0xA0,
    0xC2, 0x11, 0x01, 0x00, 0x01, 0x00, 0x01, 0x00, 0x01, 0x00, 0x01, 0x00, 0x01, 0x00, 0x93, 0xDF,
    0x1F, 0x00, 0x13, 0xFE, 0x1F, 0x00, 0x23, 0xA2, 0x72, 0x10, 0x01, 0x00, 0x01, 0x00, 0x01, 0x00,
    0x01, 0x00, 0x01, 0x00, 0x01, 0x00, 0x13, 0x9E, 0xC7, 0x01, 0x33, 0x6E, 0x6E, 0x00, 0x23, 0xA0,
    0xC2, 0x11, 0x01, 0x00, 0x01, 0x00, 0x01, 0x00, 0x01, 0x00, 0x01, 0x00, 0x01, 0x00, 0xB7, 0x0E,
    0x00, 0x10, 0x01, 0x00, 0x23, 0xA2, 0x72, 0x10, 0x01, 0x00, 0x01, 0x00, 0x01, 0x00, 0x01, 0x00,
    0x01, 0x00, 0x01, 0x00, 0x01, 0x00, 0x01, 0x00, 0x23, 0xA2, 0xD2, 0x11, 0x73, 0x60, 0x04, 0x30,
    0x82, 0x80, 0x89, 0x4E, 0x11, 0x4F, 0x63, 0x05, 0xD5, 0x01, 0x63, 0x03, 0xE5, 0x01, 0x09, 0xA0,
    0x01, 0x00, 0x01, 0x00, 0x01, 0x00, 0xB7, 0x0E, 0x00, 0x10, 0x23, 0xA2, 0xD2, 0x11, 0x73, 0x60,
    0x04, 0x30, 0x82, 0x80, 0x73, 0x70, 0x04, 0x30, 0xB7, 0x02, 0x0C, 0x00, 0x37, 0x03, 0x00, 0x40,
    0xB7, 0x03, 0x00, 0x08, 0x13, 0x7E, 0x15, 0x00, 0x72, 0x0E, 0x33, 0x6E, 0x6E, 0x00, 0x23, 0xA0,
    0xC2, 0x11, 0x01, 0x00, 0x01, 0x00, 0x01, 0x00, 0x01, 0x00, 0x01, 0x00, 0x01, 0x00, 0x05, 0x81,
    0x13, 0x7E, 0x15, 0x00, 0x23, 0xA2, 0x72, 0x10, 0x01, 0x00, 0x01, 0x00, 0x01, 0x00, 0x01, 0x00,
    0x01, 0x00, 0x01, 0x00, 0x72, 0x0E, 0x33, 0x6E, 0x6E, 0x00, 0x23, 0xA0, 0xC2, 0x11, 0x01, 0x00,
    0x01, 0x00, 0x01, 0x00, 0x01, 0x00, 0x01, 0x00, 0x01, 0x00, 0x05, 0x81, 0x13, 0x7E, 0x15, 0x00,
    0x23, 0xA2, 0x72, 0x10, 0x01, 0x00, 0x01, 0x00, 0x01, 0x00, 0x01, 0x00, 0x01, 0x00, 0x01, 0x00,
    0x72, 0x0E, 0x33, 0x6E, 0x6E, 0x00, 0x23, 0xA0, 0xC2, 0x11, 0x01, 0x00, 0x01, 0x00, 0x01, 0x00,
    0x01, 0x00, 0x01, 0x00, 0x01, 0x00, 0x05, 0x81, 0x13, 0x7E, 0x15, 0x00, 0x23, 0xA2, 0x72, 0x10,
    0x01, 0x00, 0x01, 0x00, 0x01, 0x00, 0x01, 0x00, 0x01, 0x00, 0x01, 0x00, 0x72, 0x0E, 0x33, 0x6E,
    0x6E, 0x00, 0x23, 0xA0, 0xC2, 0x11, 0x01, 0x00, 0x01, 0x00, 0x01, 0x00, 0x01, 0x00, 0x01, 0x00,
    0x01, 0x00, 0x05, 0x81, 0x13, 0x7E, 0x15, 0x00, 0x23, 0xA2, 0x72, 0x10, 0x01, 0x00, 0x01, 0x00,
    0x01, 0x00, 0x01, 0x00, 0x01, 0x00, 0x01, 0x00, 0x72, 0x0E, 0x33, 0x6E, 0x6E, 0x00, 0x23, 0xA0,
    0xC2, 0x11, 0x01, 0x00, 0x01, 0x00, 0x01, 0x00, 0x01, 0x00, 0x01, 0x00, 0x01, 0x00, 0x05, 0x81,
    0x13, 0x7E, 0x15, 0x00, 0x23, 0xA2, 0x72, 0x10, 0x01, 0x00, 0x01, 0x00, 0x01, 0x00, 0x01, 0x00,
    0x01, 0x00, 0x01, 0x00, 0x72, 0x0E, 0x33, 0x6E, 0x6E, 0x00, 0x23, 0xA0, 0xC2, 0x11, 0x01, 0x00,
    0x01, 0x00, 0x01, 0x00, 0x01, 0x00, 0x01, 0x00, 0x01, 0x00, 0x05, 0x81, 0x13, 0x7E, 0x15, 0x00,
    0x23, 0xA2, 0x72, 0x10, 0x01, 0x00, 0x01, 0x00, 0x01, 0x00, 0x01, 0x00, 0x01, 0x00, 0x01, 0x00,
    0x72, 0x0E, 0x33, 0x6E, 0x6E, 0x00, 0x23, 0xA0, 0xC2, 0x11, 0x01, 0x00, 0x01, 0x00, 0x01, 0x00,
    0x01, 0x00, 0x01, 0x00, 0x01, 0x00, 0x05, 0x81, 0x13, 0x7E, 0x15, 0x00, 0x23, 0xA2, 0x72, 0x10,
    0x01, 0x00, 0x01, 0x00, 0x01, 0x00, 0x01, 0x00, 0x01, 0x00, 0x01, 0x00, 0x72, 0x0E, 0x33, 0x6E,
    0x6E, 0x00, 0x23, 0xA0, 0xC2, 0x11, 0x01, 0x00, 0x01, 0x00, 0x01, 0x00, 0x01, 0x00, 0x01, 0x00,
    0x01, 0x00, 0x05, 0x81, 0x13, 0x7E, 0x15, 0x00, 0x23, 0xA2, 0x72, 0x10, 0x01, 0x00, 0x01, 0x00,
    0x01, 0x00, 0x01, 0x00, 0x01, 0x00, 0x01, 0x00, 0x01, 0x00, 0x37, 0x0E, 0x00, 0x10, 0x23, 0xA4,
    0x72, 0x10, 0x23, 0xA4, 0x62, 0x10, 0x23, 0xA4, 0xC2, 0x21, 0x01, 0x00, 0x01, 0x00, 0x01, 0x00,
    0x01, 0x00, 0x01, 0x00, 0x01, 0x00, 0x23, 0xA2, 0x72, 0x10, 0x01, 0x00, 0x01, 0x00, 0x01, 0x00,
    0x01, 0x00, 0x01, 0x00, 0x01, 0x00, 0x01, 0x00, 0x93, 0x07, 0x00, 0x00, 0x23, 0xA4, 0x72, 0x10,
    0x01, 0x00, 0x01, 0x00, 0x01, 0x00, 0x01, 0x00, 0x01, 0x00, 0x01, 0x00, 0x01, 0x00, 0x01, 0x00,
    0x23, 0xA2, 0x72, 0x10, 0x01, 0x00, 0x01, 0x00, 0x01, 0x00, 0x01, 0x00, 0x01, 0x00, 0x01, 0x00,
    0x03, 0xA8, 0x02, 0x00, 0x01, 0x00, 0x23, 0xA4, 0x72, 0x10, 0x13, 0x55, 0xC8, 0x49, 0x01, 0x00,
    0x01, 0x00, 0x01, 0x00, 0x01, 0x00, 0x01, 0x00, 0x01, 0x00, 0x01, 0x00, 0x23, 0xA2, 0x72, 0x10,
    0x01, 0x00, 0x01, 0x00, 0x01, 0x00, 0x01, 0x00, 0x01, 0x00, 0x01, 0x00, 0x03, 0xA8, 0x02, 0x00,
    0x01, 0x00, 0x23, 0xA4, 0x72, 0x10, 0x13, 0x58, 0xC8, 0x49, 0x33, 0x25, 0xA8, 0x20, 0x01, 0x00,
    0x01, 0x00, 0x01, 0x00, 0x01, 0x00, 0x01, 0x00, 0x01, 0x00, 0x23, 0xA2, 0x72, 0x10, 0xB7, 0x0F,
    0x00, 0x80, 0x05, 0x4E, 0x01, 0x00, 0x01, 0x00, 0x03, 0xA8, 0x02, 0x00, 0x01, 0x00, 0x13, 0x58,
    0xC8, 0x49, 0x33, 0x45, 0xA8, 0x20, 0x63, 0x1A, 0xC5, 0x67, 0x23, 0xA4, 0x72, 0x10, 0x93, 0x0E,
    0x00, 0x00, 0x93, 0x07, 0x00, 0x00, 0x01, 0x00, 0x01, 0x00, 0x01, 0x00, 0x01, 0x00, 0x01, 0x00,
    0x01, 0x00, 0x23, 0xA2, 0x72, 0x10, 0x37, 0x0E, 0x00, 0x80, 0x01, 0x00, 0x01, 0x00, 0x01, 0x00,
    0x01, 0x00, 0x01, 0x00, 0x03, 0xA8, 0x02, 0x00, 0x01, 0x00, 0x23, 0xA4, 0x72, 0x10, 0x93, 0x5F,
    0xC8, 0x49, 0xB3, 0xE7, 0xF7, 0x01, 0x93, 0xD7, 0x17, 0x60, 0x01, 0x00, 0x01, 0x00, 0x01, 0x00,
    0x01, 0x00, 0x01, 0x00, 0x23, 0xA2, 0x72, 0x10, 0x01, 0x00, 0x01, 0x00, 0x01, 0x00, 0x01, 0x00,
    0x01, 0x00, 0x01, 0x00, 0x03, 0xA8, 0x02, 0x00, 0x01, 0x00, 0x23, 0xA4, 0x72, 0x10, 0x93, 0x5F,
    0xC8, 0x49, 0xB3, 0xE7, 0xF7, 0x01, 0x93, 0xD7, 0x17, 0x60, 0x01, 0x00, 0x01, 0x00, 0x01, 0x00,
    0x01, 0x00, 0x01, 0x00, 0x23, 0xA2, 0x72, 0x10, 0x01, 0x00, 0x01, 0x00, 0x01, 0x00, 0x01, 0x00,
    0x01, 0x00, 0x01, 0x00, 0x03, 0xA8, 0x02, 0x00, 0x01, 0x00, 0x23, 0xA4, 0x72, 0x10, 0x93, 0x5F,
    0xC8, 0x49, 0xB3, 0xE7, 0xF7, 0x01, 0x93, 0xD7, 0x17, 0x60, 0x01, 0x00, 0x01, 0x00, 0x01, 0x00,
    0x01, 0x00, 0x01, 0x00, 0x23, 0xA2, 0x72, 0x10, 0x01, 0x00, 0x01, 0x00, 0x01, 0x00, 0x01, 0x00,
    0x01, 0x00, 0x01, 0x00, 0x03, 0xA8, 0x02, 0x00, 0x01, 0x00, 0x23, 0xA4, 0x72, 0x10, 0x93, 0x5F,
    0xC8, 0x49, 0xB3, 0xE7, 0xF7, 0x01, 0x93, 0xD7, 0x17, 0x60, 0x01, 0x00, 0x01, 0x00, 0x01, 0x00,
    0x01, 0x00, 0x01, 0x00, 0x23, 0xA2, 0x72, 0x10, 0x01, 0x00, 0x01, 0x00, 0x01, 0x00, 0x01, 0x00,
    0x01, 0x00, 0x01, 0x00, 0x03, 0xA8, 0x02, 0x00, 0x01, 0x00, 0x23, 0xA4, 0x72, 0x10, 0x93, 0x5F,
    0xC8, 0x49, 0xB3, 0xE7, 0xF7, 0x01, 0x93, 0xD7, 0x17, 0x60, 0x01, 0x00, 0x01, 0x00, 0x01, 0x00,
    0x01, 0x00, 0x01, 0x00, 0x23, 0xA2, 0x72, 0x10, 0x01, 0x00, 0x01, 0x00, 0x01, 0x00, 0x01, 0x00,
    0x01, 0x00, 0x01, 0x00, 0x03, 0xA8, 0x02, 0x00, 0x01, 0x00, 0x23, 0xA4, 0x72, 0x10, 0x93, 0x5F,
    0xC8, 0x49, 0xB3, 0xE7, 0xF7, 0x01, 0x93, 0xD7, 0x17, 0x60, 0x01, 0x00, 0x01, 0x00, 0x01, 0x00,
    0x01, 0x00, 0x01, 0x00, 0x23, 0xA2, 0x72, 0x10, 0x01, 0x00, 0x01, 0x00, 0x01, 0x00, 0x01, 0x00,
    0x01, 0x00, 0x01, 0x00, 0x03, 0xA8, 0x02, 0x00, 0x01, 0x00, 0x23, 0xA4, 0x72, 0x10, 0x93, 0x5F,
    0xC8, 0x49, 0xB3, 0xE7, 0xF7, 0x01, 0x93, 0xD7, 0x17, 0x60, 0x01, 0x00, 0x01, 0x00, 0x01, 0x00,
    0x01, 0x00, 0x01, 0x00, 0x23, 0xA2, 0x72, 0x10, 0x01, 0x00, 0x01, 0x00, 0x01, 0x00, 0x01, 0x00,
    0x01, 0x00, 0x01, 0x00, 0x03, 0xA8, 0x02, 0x00, 0x01, 0x00, 0x23, 0xA4, 0x72, 0x10, 0x93, 0x5F,
    0xC8, 0x49, 0xB3, 0xE7, 0xF7, 0x01, 0x93, 0xD7, 0x17, 0x60, 0x01, 0x00, 0x01, 0x00, 0x01, 0x00,
    0x01, 0x00, 0x01, 0x00, 0x23, 0xA2, 0x72, 0x10, 0x01, 0x00, 0x01, 0x00, 0x01, 0x00, 0x01, 0x00,
    0x01, 0x00, 0x01, 0x00, 0x03, 0xA8, 0x02, 0x00, 0x01, 0x00, 0x23, 0xA4, 0x72, 0x10, 0x93, 0x5F,
    0xC8, 0x49, 0xB3, 0xE7, 0xF7, 0x01, 0x93, 0xD7, 0x17, 0x60, 0x01, 0x00, 0x01, 0x00, 0x01, 0x00,
    0x01, 0x00, 0x01, 0x00, 0x23, 0xA2, 0x72, 0x10, 0x01, 0x00, 0x01, 0x00, 0x01, 0x00, 0x01, 0x00,
    0x01, 0x00, 0x01, 0x00, 0x03, 0xA8, 0x02, 0x00, 0x01, 0x00, 0x23, 0xA4, 0x72, 0x10, 0x93, 0x5F,
    0xC8, 0x49, 0xB3, 0xE7, 0xF7, 0x01, 0x93, 0xD7, 0x17, 0x60, 0x01, 0x00, 0x01, 0x00, 0x01, 0x00,
    0x01, 0x00, 0x01, 0x00, 0x23, 0xA2, 0x72, 0x10, 0x01, 0x00, 0x01, 0x00, 0x01, 0x00, 0x01, 0x00,
    0x01, 0x00, 0x01, 0x00, 0x03, 0xA8, 0x02, 0x00, 0x01, 0x00, 0x23, 0xA4, 0x72, 0x10, 0x93, 0x5F,
    0xC8, 0x49, 0xB3, 0xE7, 0xF7, 0x01, 0x93, 0xD7, 0x17, 0x60, 0x01, 0x00, 0x01, 0x00, 0x01, 0x00,
    0x01, 0x00, 0x01, 0x00, 0x23, 0xA2, 0x72, 0x10, 0x01, 0x00, 0x01, 0x00, 0x01, 0x00, 0x01, 0x00,
    0x01, 0x00, 0x01, 0x00, 0x03, 0xA8, 0x02, 0x00, 0x01, 0x00, 0x23, 0xA4, 0x72, 0x10, 0x93, 0x5F,
    0xC8, 0x49, 0xB3, 0xE7, 0xF7, 0x01, 0x93, 0xD7, 0x17, 0x60, 0x01, 0x00, 0x01, 0x00, 0x01, 0x00,
    0x01, 0x00, 0x01, 0x00, 0x23, 0xA2, 0x72, 0x10, 0x01, 0x00, 0x01, 0x00, 0x01, 0x00, 0x01, 0x00,
    0x01, 0x00, 0x01, 0x00, 0x03, 0xA8, 0x02, 0x00, 0x01, 0x00, 0x23, 0xA4, 0x72, 0x10, 0x93, 0x5F,
    0xC8, 0x49, 0xB3, 0xE7, 0xF7, 0x01, 0x93, 0xD7, 0x17, 0x60, 0x01, 0x00, 0x01, 0x00, 0x01, 0x00,
    0x01, 0x00, 0x01, 0x00, 0x23, 0xA2, 0x72, 0x10, 0x01, 0x00, 0x01, 0x00, 0x01, 0x00, 0x01, 0x00,
    0x01, 0x00, 0x01, 0x00, 0x03, 0xA8, 0x02, 0x00, 0x01, 0x00, 0x23, 0xA4, 0x72, 0x10, 0x93, 0x5F,
    0xC8, 0x49, 0xB3, 0xE7, 0xF7, 0x01, 0x93, 0xD7, 0x17, 0x60, 0x01, 0x00, 0x01, 0x00, 0x01, 0x00,
    0x01, 0x00, 0x01, 0x00, 0x23, 0xA2, 0x72, 0x10, 0x01, 0x00, 0x01, 0x00, 0x01, 0x00, 0x01, 0x00,
    0x01, 0x00, 0x01, 0x00, 0x03, 0xA8, 0x02, 0x00, 0x01, 0x00, 0x23, 0xA4, 0x72, 0x10, 0x93, 0x5F,
    0xC8, 0x49, 0xB3, 0xE7, 0xF7, 0x01, 0x93, 0xD7, 0x17, 0x60, 0x01, 0x00, 0x01, 0x00, 0x01, 0x00,
    0x01, 0x00, 0x01, 0x00, 0x23, 0xA2, 0x72, 0x10, 0x01, 0x00, 0x01, 0x00, 0x01, 0x00, 0x01, 0x00,
    0x01, 0x00, 0x01, 0x00, 0x03, 0xA8, 0x02, 0x00, 0x01, 0x00, 0x23, 0xA4, 0x72, 0x10, 0x93, 0x5F,
    0xC8, 0x49, 0xB3, 0xE7, 0xF7, 0x01, 0x93, 0xD7, 0x17, 0x60, 0x01, 0x00, 0x01, 0x00, 0x01, 0x00,
    0x01, 0x00, 0x01, 0x00, 0x23, 0xA2, 0x72, 0x10, 0x01, 0x00, 0x01, 0x00, 0x01, 0x00, 0x01, 0x00,
    0x01, 0x00, 0x01, 0x00, 0x03, 0xA8, 0x02, 0x00, 0x01, 0x00, 0x23, 0xA4, 0x72, 0x10, 0x93, 0x5F,
    0xC8, 0x49, 0xB3, 0xE7, 0xF7, 0x01, 0x93, 0xD7, 0x17, 0x60, 0x01, 0x00, 0x01, 0x00, 0x01, 0x00,
    0x01, 0x00, 0x01, 0x00, 0x23, 0xA2, 0x72, 0x10, 0x01, 0x00, 0x01, 0x00, 0x01, 0x00, 0x01, 0x00,
    0x01, 0x00, 0x01, 0x00, 0x03, 0xA8, 0x02, 0x00, 0x01, 0x00, 0x23, 0xA4, 0x72, 0x10, 0x93, 0x5F,
    0xC8, 0x49, 0xB3, 0xE7, 0xF7, 0x01, 0x93, 0xD7, 0x17, 0x60, 0x01, 0x00, 0x01, 0x00, 0x01, 0x00,
    0x01, 0x00, 0x01, 0x00, 0x23, 0xA2, 0x72, 0x10, 0x01, 0x00, 0x01, 0x00, 0x01, 0x00, 0x01, 0x00,
    0x01, 0x00, 0x01, 0x00, 0x03, 0xA8, 0x02, 0x00, 0x01, 0x00, 0x23, 0xA4, 0x72, 0x10, 0x93, 0x5F,
    0xC8, 0x49, 0xB3, 0xE7, 0xF7, 0x01, 0x93, 0xD7, 0x17, 0x60, 0x01, 0x00, 0x01, 0x00, 0x01, 0x00,
    0x01, 0x00, 0x01, 0x00, 0x23, 0xA2, 0x72, 0x10, 0x01, 0x00, 0x01, 0x00, 0x01, 0x00, 0x01, 0x00,
    0x01, 0x00, 0x01, 0x00, 0x03, 0xA8, 0x02, 0x00, 0x01, 0x00, 0x23, 0xA4, 0x72, 0x10, 0x93, 0x5F,
    0xC8, 0x49, 0xB3, 0xE7, 0xF7, 0x01, 0x93, 0xD7, 0x17, 0x60, 0x01, 0x00, 0x01, 0x00, 0x01, 0x00,
    0x01, 0x00, 0x01, 0x00, 0x23, 0xA2, 0x72, 0x10, 0x01, 0x00, 0x01, 0x00, 0x01, 0x00, 0x01, 0x00,
    0x01, 0x00, 0x01, 0x00, 0x03, 0xA8, 0x02, 0x00, 0x01, 0x00, 0x23, 0xA4, 0x72, 0x10, 0x93, 0x5F,
    0xC8, 0x49, 0xB3, 0xE7, 0xF7, 0x01, 0x93, 0xD7, 0x17, 0x60, 0x01, 0x00, 0x01, 0x00, 0x01, 0x00,
    0x01, 0x00, 0x01, 0x00, 0x23, 0xA2, 0x72, 0x10, 0x01, 0x00, 0x01, 0x00, 0x01, 0x00, 0x01, 0x00,
    0x01, 0x00, 0x01, 0x00, 0x03, 0xA8, 0x02, 0x00, 0x01, 0x00, 0x23, 0xA4, 0x72, 0x10, 0x93, 0x5F,
    0xC8, 0x49, 0xB3, 0xE7, 0xF7, 0x01, 0x93, 0xD7, 0x17, 0x60, 0x01, 0x00, 0x01, 0x00, 0x01, 0x00,
    0x01, 0x00, 0x01, 0x00, 0x23, 0xA2, 0x72, 0x10, 0x01, 0x00, 0x01, 0x00, 0x01, 0x00, 0x01, 0x00,
    0x01, 0x00, 0x01, 0x00, 0x03, 0xA8, 0x02, 0x00, 0x01, 0x00, 0x23, 0xA4, 0x72, 0x10, 0x93, 0x5F,
    0xC8, 0x49, 0xB3, 0xE7, 0xF7, 0x01, 0x93, 0xD7, 0x17, 0x60, 0x01, 0x00, 0x01, 0x00, 0x01, 0x00,
    0x01, 0x00, 0x01, 0x00, 0x23, 0xA2, 0x72, 0x10, 0x01, 0x00, 0x01, 0x00, 0x01, 0x00, 0x01, 0x00,
    0x01, 0x00, 0x01, 0x00, 0x03, 0xA8, 0x02, 0x00, 0x01, 0x00, 0x23, 0xA4, 0x72, 0x10, 0x93, 0x5F,
    0xC8, 0x49, 0xB3, 0xE7, 0xF7, 0x01, 0x93, 0xD7, 0x17, 0x60, 0x01, 0x00, 0x01, 0x00, 0x01, 0x00,
    0x01, 0x00, 0x01, 0x00, 0x23, 0xA2, 0x72, 0x10, 0x01, 0x00, 0x01, 0x00, 0x01, 0x00, 0x01, 0x00,
    0x01, 0x00, 0x01, 0x00, 0x03, 0xA8, 0x02, 0x00, 0x01, 0x00, 0x23, 0xA4, 0x72, 0x10, 0x93, 0x5F,
    0xC8, 0x49, 0xB3, 0xE7, 0xF7, 0x01, 0x93, 0xD7, 0x17, 0x60, 0x01, 0x00, 0x01, 0x00, 0x01, 0x00,
    0x01, 0x00, 0x01, 0x00, 0x23, 0xA2, 0x72, 0x10, 0x01, 0x00, 0x01, 0x00, 0x01, 0x00, 0x01, 0x00,
    0x01, 0x00, 0x01, 0x00, 0x03, 0xA8, 0x02, 0x00, 0x01, 0x00, 0x23, 0xA4, 0x72, 0x10, 0x93, 0x5F,
    0xC8, 0x49, 0xB3, 0xE7, 0xF7, 0x01, 0x93, 0xD7, 0x17, 0x60, 0x01, 0x00, 0x01, 0x00, 0x01, 0x00,
    0x01, 0x00, 0x01, 0x00, 0x23, 0xA2, 0x72, 0x10, 0x01, 0x00, 0x01, 0x00, 0x01, 0x00, 0x01, 0x00,
    0x01, 0x00, 0x01, 0x00, 0x03, 0xA8, 0x02, 0x00, 0x01, 0x00, 0x23, 0xA4, 0x72, 0x10, 0x93, 0x5F,
    0xC8, 0x49, 0xB3, 0xE7, 0xF7, 0x01, 0x93, 0xD7, 0x17, 0x60, 0x01, 0x00, 0x01, 0x00, 0x01, 0x00,
    0x01, 0x00, 0x01, 0x00, 0x23, 0xA2, 0x72, 0x10, 0x01, 0x00, 0x01, 0x00, 0x01, 0x00, 0x01, 0x00,
    0x01, 0x00, 0x01, 0x00, 0x03, 0xA8, 0x02, 0x00, 0x01, 0x00, 0x23, 0xA4, 0x72, 0x10, 0x93, 0x5F,
    0xC8, 0x49, 0xB3, 0xE7, 0xF7, 0x01, 0x93, 0xD7, 0x17, 0x60, 0x01, 0x00, 0x01, 0x00, 0x01, 0x00,
    0x01, 0x00, 0x01, 0x00, 0x23, 0xA2, 0x72, 0x10, 0x01, 0x00, 0x01, 0x00, 0x01, 0x00, 0x01, 0x00,
    0x01, 0x00, 0x01, 0x00, 0x03, 0xA8, 0x02, 0x00, 0x01, 0x00, 0x23, 0xA4, 0x72, 0x10, 0x93, 0x5F,
    0xC8, 0x49, 0xB3, 0xE7, 0xF7, 0x01, 0x93, 0xD7, 0x17, 0x60, 0x01, 0x00, 0x01, 0x00, 0x01, 0x00,
    0x01, 0x00, 0x01, 0x00, 0x23, 0xA2, 0x72, 0x10, 0x01, 0x00, 0x01, 0x00, 0x01, 0x00, 0x01, 0x00,
    0x01, 0x00, 0x01, 0x00, 0x03, 0xA8, 0x02, 0x00, 0x01, 0x00, 0x23, 0xA4, 0x72, 0x10, 0x93, 0x5F,
    0xC8, 0x49, 0xB3, 0xE7, 0xF7, 0x01, 0x93, 0xD7, 0x17, 0x60, 0x01, 0x00, 0x01, 0x00, 0x01, 0x00,
    0x01, 0x00, 0x01, 0x00, 0x23, 0xA2, 0x72, 0x10, 0x01, 0x00, 0x01, 0x00, 0x01, 0x00, 0x01, 0x00,
    0x01, 0x00, 0x01, 0x00, 0x03, 0xA8, 0x02, 0x00, 0x01, 0x00, 0x23, 0xA4, 0x72, 0x10, 0x93, 0x5F,
    0xC8, 0x49, 0xB3, 0xE7, 0xF7, 0x01, 0x93, 0xD7, 0x17, 0x60, 0x01, 0x00, 0x01, 0x00, 0x01, 0x00,
    0x01, 0x00, 0x01, 0x00, 0x23, 0xA2, 0x72, 0x10, 0x01, 0x00, 0x01, 0x00, 0x01, 0x00, 0x01, 0x00,
    0x01, 0x00, 0x01, 0x00, 0x03, 0xA8, 0x02, 0x00, 0x01, 0x00, 0x23, 0xA4, 0x72, 0x10, 0x85, 0x83,
    0x0E, 0x08, 0x33, 0x78, 0xC8, 0x01, 0xB3, 0xE7, 0x07, 0x01, 0x01, 0x00, 0x01, 0x00, 0x01, 0x00,
    0x01, 0x00, 0x23, 0xA2, 0x72, 0x10, 0x01, 0x00, 0x01, 0x00, 0x01, 0x00, 0x01, 0x00, 0x01, 0x00,
    0x01, 0x00, 0x83, 0xAE, 0x02, 0x00, 0x01, 0x00, 0x23, 0xA4, 0x72, 0x10, 0x93, 0xDE, 0xCE, 0x49,
    0x13, 0x9F, 0x27, 0x60, 0x13, 0x7F, 0x1F, 0x00, 0x01, 0x00, 0x01, 0x00, 0x01, 0x00, 0x01, 0x00,
    0x01, 0x00, 0x23, 0xA2, 0x72, 0x10, 0x01, 0x00, 0x01, 0x00, 0x01, 0x00, 0x9C, 0xC1, 0x23, 0xA2,
    0x62, 0x10, 0x37, 0x0E, 0x00, 0x10, 0x23, 0xA2, 0xC2, 0x21, 0x23, 0xA2, 0xC2, 0x11, 0x63, 0x83,
    0xEE, 0x01, 0x21, 0x45, 0x73, 0x60, 0x04, 0x30, 0x82, 0x80, 0x89, 0x4E, 0x11, 0x4F, 0x63, 0x05,
    0xD5, 0x01, 0x63, 0x03, 0xE5, 0x01, 0x35, 0xA8, 0x23, 0xA4, 0x72, 0x10, 0x23, 0xA2, 0x62, 0x10,
    0x37, 0x0E, 0x00, 0x10, 0x01, 0x00, 0x01, 0x00, 0x01, 0x00, 0x01, 0x00, 0x01, 0x00, 0x01, 0x00,
    0x23, 0xA2, 0x72, 0x10, 0x01, 0x00, 0x01, 0x00, 0x01, 0x00, 0x01, 0x00, 0x01, 0x00, 0x01, 0x00,
    0x01, 0x00, 0x01, 0x00, 0x23, 0xA2, 0xC2, 0x11, 0x23, 0xA2, 0xC2, 0x21, 0x73, 0x60, 0x04, 0x30,
    0x82, 0x80, 0x23, 0xA4, 0x72, 0x10, 0x23, 0xA2, 0x62, 0x10, 0x37, 0x0E, 0x00, 0x10, 0x01, 0x00,
    0x01, 0x00, 0x01, 0x00, 0x01, 0x00, 0x01, 0x00, 0x01, 0x00, 0x23, 0xA2, 0x72, 0x10, 0x01, 0x00,
    0x01, 0x00, 0x01, 0x00, 0x01, 0x00, 0x01, 0x00, 0x01, 0x00, 0x01, 0x00, 0x01, 0x00, 0x23, 0xA2,
    0xC2, 0x11, 0x23, 0xA2, 0xC2, 0x21, 0x73, 0x60, 0x04, 0x30, 0x82, 0x80,
};

const uint8_t swd_func_slow[3096] = 
{
    0xB2, 0x88, 0xFD, 0x18, 0x01, 0x00, 0x01, 0x00, 0x01, 0x00, 0xE3, 0x9C, 0x08, 0xFE, 0x82, 0x80,
    0x71, 0x11, 0x06, 0xC0, 0xB7, 0x02, 0x0C, 0x00, 0x37, 0x03, 0x00, 0x40, 0xB7, 0x03, 0x00, 0x08,
    0x93, 0x56, 0x35, 0x00, 0x13, 0x77, 0x75, 0x00, 0xE5, 0xC2, 0x03, 0xC8, 0x05, 0x00, 0x85, 0x05,
    0x13, 0x7E, 0x18, 0x00, 0x72, 0x0E, 0x33, 0x6E, 0x6E, 0x00, 0x23, 0xA0, 0xC2, 0x11, 0xC9, 0x37,
    0x13, 0x58, 0x18, 0x00, 0x13, 0x7E, 0x18, 0x00, 0x23, 0xA2, 0x72, 0x10, 0x55, 0x3F, 0x72, 0x0E,
    0x33, 0x6E, 0x6E, 0x00, 0x23, 0xA0, 0xC2, 0x11, 0x65, 0x37, 0x13, 0x58, 0x18, 0x00, 0x13, 0x7E,
    0x18, 0x00, 0x23, 0xA2, 0x72, 0x10, 0x69, 0x3F, 0x72, 0x0E, 0x33, 0x6E, 0x6E, 0x00, 0x23, 0xA0,
    0xC2, 0x11, 0x79, 0x37, 0x13, 0x58, 0x18, 0x00, 0x13, 0x7E, 0x18, 0x00, 0x23, 0xA2, 0x72, 0x10,
    0x41, 0x37, 0x72, 0x0E, 0x33, 0x6E, 0x6E, 0x00, 0x23, 0xA0, 0xC2, 0x11, 0x95, 0x3F, 0x13, 0x58,
    0x18, 0x00, 0x13, 0x7E, 0x18, 0x00, 0x23, 0xA2, 0x72, 0x10, 0x9D, 0x37, 0x72, 0x0E, 0x33, 0x6E,
    0x6E, 0x00, 0x23, 0xA0, 0xC2, 0x11, 0xA9, 0x3F, 0x13, 0x58, 0x18, 0x00, 0x13, 0x7E, 0x18, 0x00,
    0x23, 0xA2, 0x72, 0x10, 0xB1, 0x37, 0x72, 0x0E, 0x33, 0x6E, 0x6E, 0x00, 0x23, 0xA0, 0xC2, 0x11,
    0x81, 0x37, 0x13, 0x58, 0x18, 0x00, 0x13, 0x7E, 0x18, 0x00, 0x23, 0xA2, 0x72, 0x10, 0x0D, 0x3F,
    0x72, 0x0E, 0x33, 0x6E, 0x6E, 0x00, 0x23, 0xA0, 0xC2, 0x11, 0x1D, 0x37, 0x13, 0x58, 0x18, 0x00,
    0x13, 0x7E, 0x18, 0x00, 0x23, 0xA2, 0x72, 0x10, 0x21, 0x3F, 0x72, 0x0E, 0x33, 0x6E, 0x6E, 0x00,
    0x23, 0xA0, 0xC2, 0x11, 0x31, 0x37, 0x13, 0x58, 0x18, 0x00, 0x13, 0x7E, 0x18, 0x00, 0x23, 0xA2,
    0x72, 0x10, 0xFD, 0x3D, 0xFD, 0x16, 0x95, 0xF2, 0x05, 0xC7, 0x03, 0xC8, 0x05, 0x00, 0x13, 0x7E,
    0x18, 0x00, 0x72, 0x0E, 0x33, 0x6E, 0x6E, 0x00, 0x23, 0xA0, 0xC2, 0x11, 0xD5, 0x35, 0x13, 0x58,
    0x18, 0x00, 0x13, 0x7E, 0x18, 0x00, 0x23, 0xA2, 0x72, 0x10, 0xD9, 0x3D, 0x7D, 0x17, 0x75, 0xF3,
    0x82, 0x40, 0x11, 0x01, 0x82, 0x80, 0x01, 0x00, 0x71, 0x11, 0x06, 0xC0, 0xB7, 0x02, 0x0C, 0x00,
    0x37, 0x03, 0x00, 0x40, 0xB7, 0x03, 0x00, 0x08, 0x13, 0x7E, 0x15, 0x00, 0x72, 0x0E, 0x33, 0x6E,
    0x6E, 0x00, 0x23, 0xA0, 0xC2, 0x11, 0x6D, 0x35, 0x05, 0x81, 0x13, 0x7E, 0x15, 0x00, 0x23, 0xA2,
    0x72, 0x10, 0x79, 0x3D, 0x72, 0x0E, 0x33, 0x6E, 0x6E, 0x00, 0x23, 0xA0, 0xC2, 0x11, 0x49, 0x3D,
    0x05, 0x81, 0x13, 0x7E, 0x15, 0x00, 0x23, 0xA2, 0x72, 0x10, 0x59, 0x35, 0x72, 0x0E, 0x33, 0x6E,
    0x6E, 0x00, 0x23, 0xA0, 0xC2, 0x11, 0xAD, 0x3D, 0x05, 0x81, 0x13, 0x7E, 0x15, 0x00, 0x23, 0xA2,
    0x72, 0x10, 0xBD, 0x35, 0x72, 0x0E, 0x33, 0x6E, 0x6E, 0x00, 0x23, 0xA0, 0xC2, 0x11, 0x8D, 0x35,
    0x05, 0x81, 0x13, 0x7E, 0x15, 0x00, 0x23, 0xA2, 0x72, 0x10, 0x99, 0x3D, 0x72, 0x0E, 0x33, 0x6E,
    0x6E, 0x00, 0x23, 0xA0, 0xC2, 0x11, 0xA9, 0x35, 0x05, 0x81, 0x13, 0x7E, 0x15, 0x00, 0x23, 0xA2,
    0x72, 0x10, 0x3D, 0x3D, 0x72, 0x0E, 0x33, 0x6E, 0x6E, 0x00, 0x23, 0xA0, 0xC2, 0x11, 0x0D, 0x3D,
    0x05, 0x81, 0x13, 0x7E, 0x15, 0x00, 0x23, 0xA2, 0x72, 0x10, 0x1D, 0x35, 0x72, 0x0E, 0x33, 0x6E,
    0x6E, 0x00, 0x23, 0xA0, 0xC2, 0x11, 0x29, 0x3D, 0x05, 0x81, 0x13, 0x7E, 0x15, 0x00, 0x23, 0xA2,
    0x72, 0x10, 0x39, 0x35, 0x72, 0x0E, 0x33, 0x6E, 0x6E, 0x00, 0x23, 0xA0, 0xC2, 0x11, 0x09, 0x35,
    0x05, 0x81, 0x13, 0x7E, 0x15, 0x00, 0x23, 0xA2, 0x72, 0x10, 0xDD, 0x3B, 0x83, 0xAF, 0x05, 0x00,
    0x37, 0x0E, 0x00, 0x10, 0x23, 0xA4, 0x72, 0x10, 0x23, 0xA4, 0x62, 0x10, 0x23, 0xA4, 0xC2, 0x21,
    0xC5, 0x33, 0x23, 0xA2, 0x72, 0x10, 0xE9, 0x3B, 0x93, 0x97, 0x2F, 0x60, 0x85, 0x8B, 0x23, 0xA4,
    0x72, 0x10, 0xF9, 0x33, 0x01, 0x00, 0x03, 0xA8, 0x02, 0x00, 0x23, 0xA2, 0x72, 0x10, 0xC9, 0x33,
    0x01, 0x00, 0x13, 0x55, 0xC8, 0x49, 0x23, 0xA4, 0x72, 0x10, 0x5D, 0x3B, 0x01, 0x00, 0x03, 0xA8,
    0x02, 0x00, 0x23, 0xA2, 0x72, 0x10, 0x6D, 0x33, 0x13, 0x58, 0xC8, 0x49, 0x33, 0x25, 0xA8, 0x20,
    0x23, 0xA4, 0x72, 0x10, 0x71, 0x3B, 0x05, 0x4E, 0x03, 0xA8, 0x02, 0x00, 0x23, 0xA2, 0x72, 0x10,
    0x41, 0x3B, 0x13, 0x58, 0xC8, 0x49, 0x33, 0x45, 0xA8, 0x20, 0x23, 0xA4, 0x72, 0x10, 0x49, 0x33,
    0x01, 0x00, 0x01, 0x00, 0x23, 0xA2, 0x72, 0x10, 0xA5, 0x3B, 0xB7, 0x0E, 0x00, 0x10, 0x23, 0xA2,
    0xD2, 0x21, 0x63, 0x19, 0xC5, 0x37, 0x13, 0xFE, 0x1F, 0x00, 0x72, 0x0E, 0x33, 0x6E, 0x6E, 0x00,
    0x23, 0xA0, 0xC2, 0x11, 0xB1, 0x3B, 0x93, 0xDF, 0x1F, 0x00, 0x13, 0xFE, 0x1F, 0x00, 0x23, 0xA2,
    0x72, 0x10, 0xB9, 0x33, 0x72, 0x0E, 0x33, 0x6E, 0x6E, 0x00, 0x23, 0xA0, 0xC2, 0x11, 0x89, 0x33,
    0x93, 0xDF, 0x1F, 0x00, 0x13, 0xFE, 0x1F, 0x00, 0x23, 0xA2, 0x72, 0x10, 0x15, 0x3B, 0x72, 0x0E,
    0x33, 0x6E, 0x6E, 0x00, 0x23, 0xA0, 0xC2, 0x11, 0x25, 0x33, 0x93, 0xDF, 0x1F, 0x00, 0x13, 0xFE,
    0x1F, 0x00, 0x23, 0xA2, 0x72, 0x10, 0x29, 0x3B, 0x72, 0x0E, 0x33, 0x6E, 0x6E, 0x00, 0x23, 0xA0,
    0xC2, 0x11, 0x39, 0x33, 0x93, 0xDF, 0x1F, 0x00, 0x13, 0xFE, 0x1F, 0x00, 0x23, 0xA2, 0x72, 0x10,
    0x01, 0x33, 0x72, 0x0E, 0x33, 0x6E, 0x6E, 0x00, 0x23, 0xA0, 0xC2, 0x11, 0xD5, 0x39, 0x93, 0xDF,
    0x1F, 0x00, 0x13, 0xFE, 0x1F, 0x00, 0x23, 0xA2, 0x72, 0x10, 0xDD, 0x31, 0x72, 0x0E, 0x33, 0x6E,
    0x6E, 0x00, 0x23, 0xA0, 0xC2, 0x11, 0xE9, 0x39, 0x93, 0xDF, 0x1F, 0x00, 0x13, 0xFE, 0x1F, 0x00,
    0x23, 0xA2, 0x72, 0x10, 0xF1, 0x31, 0x72, 0x0E, 0x33, 0x6E, 0x6E, 0x00, 0x23, 0xA0, 0xC2, 0x11,
    0xC1, 0x31, 0x93, 0xDF, 0x1F, 0x00, 0x13, 0xFE, 0x1F, 0x00, 0x23, 0xA2, 0x72, 0x10, 0x4D, 0x39,
    0x72, 0x0E, 0x33, 0x6E, 0x6E, 0x00, 0x23, 0xA0, 0xC2, 0x11, 0x5D, 0x31, 0x93, 0xDF, 0x1F, 0x00,
    0x13, 0xFE, 0x1F, 0x00, 0x23, 0xA2, 0x72, 0x10, 0x61, 0x39, 0x72, 0x0E, 0x33, 0x6E, 0x6E, 0x00,
    0x23, 0xA0, 0xC2, 0x11, 0x71, 0x31, 0x93, 0xDF, 0x1F, 0x00, 0x13, 0xFE, 0x1F, 0x00, 0x23, 0xA2,
    0x72, 0x10, 0xBD, 0x39, 0x72, 0x0E, 0x33, 0x6E, 0x6E, 0x00, 0x23, 0xA0, 0xC2, 0x11, 0x8D, 0x39,
    0x93, 0xDF, 0x1F, 0x00, 0x13, 0xFE, 0x1F, 0x00, 0x23, 0xA2, 0x72, 0x10, 0x95, 0x31, 0x72, 0x0E,
    0x33, 0x6E, 0x6E, 0x00, 0x23, 0xA0, 0xC2, 0x11, 0xA1, 0x39, 0x93, 0xDF, 0x1F, 0x00, 0x13, 0xFE,
    0x1F, 0x00, 0x23, 0xA2, 0x72, 0x10, 0xA9, 0x31, 0x72, 0x0E, 0x33, 0x6E, 0x6E, 0x00, 0x23, 0xA0,
    0xC2, 0x11, 0x3D, 0x39, 0x93, 0xDF, 0x1F, 0x00, 0x13, 0xFE, 0x1F, 0x00, 0x23, 0xA2, 0x72, 0x10,
    0x05, 0x39, 0x72, 0x0E, 0x33, 0x6E, 0x6E, 0x00, 0x23, 0xA0, 0xC2, 0x11, 0x15, 0x31, 0x93, 0xDF,
    0x1F, 0x00, 0x13, 0xFE, 0x1F, 0x00, 0x23, 0xA2, 0x72, 0x10, 0x19, 0x39, 0x72, 0x0E, 0x33, 0x6E,
    0x6E, 0x00, 0x23, 0xA0, 0xC2, 0x11, 0x29, 0x31, 0x93, 0xDF, 0x1F, 0x00, 0x13, 0xFE, 0x1F, 0x00,
    0x23, 0xA2, 0x72, 0x10, 0xF5, 0x3E, 0x72, 0x0E, 0x33, 0x6E, 0x6E, 0x00, 0x23, 0xA0, 0xC2, 0x11,
    0xC5, 0x3E, 0x93, 0xDF, 0x1F, 0x00, 0x13, 0xFE, 0x1F, 0x00, 0x23, 0xA2, 0x72, 0x10, 0xCD, 0x36,
    0x72, 0x0E, 0x33, 0x6E, 0x6E, 0x00, 0x23, 0xA0, 0xC2, 0x11, 0xD9, 0x3E, 0x93, 0xDF, 0x1F, 0x00,
    0x13, 0xFE, 0x1F, 0x00, 0x23, 0xA2, 0x72, 0x10, 0xE1, 0x36, 0x72, 0x0E, 0x33, 0x6E, 0x6E, 0x00,
    0x23, 0xA0, 0xC2, 0x11, 0x75, 0x3E, 0x93, 0xDF, 0x1F, 0x00, 0x13, 0xFE, 0x1F, 0x00, 0x23, 0xA2,
    0x72, 0x10, 0x7D, 0x36, 0x72, 0x0E, 0x33, 0x6E, 0x6E, 0x00, 0x23, 0xA0, 0xC2, 0x11, 0x4D, 0x36,
    0x93, 0xDF, 0x1F, 0x00, 0x13, 0xFE, 0x1F, 0x00, 0x23, 0xA2, 0x72, 0x10, 0x51, 0x3E, 0x72, 0x0E,
    0x33, 0x6E, 0x6E, 0x00, 0x23, 0xA0, 0xC2, 0x11, 0x61, 0x36, 0x93, 0xDF, 0x1F, 0x00, 0x13, 0xFE,
    0x1F, 0x00, 0x23, 0xA2, 0x72, 0x10, 0xAD, 0x3E, 0x72, 0x0E, 0x33, 0x6E, 0x6E, 0x00, 0x23, 0xA0,
    0xC2, 0x11, 0xBD, 0x36, 0x93, 0xDF, 0x1F, 0x00, 0x13, 0xFE, 0x1F, 0x00, 0x23, 0xA2, 0x72, 0x10,
    0x85, 0x36, 0x72, 0x0E, 0x33, 0x6E, 0x6E, 0x00, 0x23, 0xA0, 0xC2, 0x11, 0x91, 0x3E, 0x93, 0xDF,
    0x1F, 0x00, 0x13, 0xFE, 0x1F, 0x00, 0x23, 0xA2, 0x72, 0x10, 0x99, 0x36, 0x72, 0x0E, 0x33, 0x6E,
    0x6E, 0x00, 0x23, 0xA0, 0xC2, 0x11, 0x2D, 0x3E, 0x93, 0xDF, 0x1F, 0x00, 0x13, 0xFE, 0x1F, 0x00,
    0x23, 0xA2, 0x72, 0x10, 0x35, 0x36, 0x72, 0x0E, 0x33, 0x6E, 0x6E, 0x00, 0x23, 0xA0, 0xC2, 0x11,
    0x05, 0x36, 0x93, 0xDF, 0x1F, 0x00, 0x13, 0xFE, 0x1F, 0x00, 0x23, 0xA2, 0x72, 0x10, 0x09, 0x3E,
    0x72, 0x0E, 0x33, 0x6E, 0x6E, 0x00, 0x23, 0xA0, 0xC2, 0x11, 0x19, 0x36, 0x93, 0xDF, 0x1F, 0x00,
    0x13, 0xFE, 0x1F, 0x00, 0x23, 0xA2, 0x72, 0x10, 0xE5, 0x3C, 0x72, 0x0E, 0x33, 0x6E, 0x6E, 0x00,
    0x23, 0xA0, 0xC2, 0x11, 0xF5, 0x34, 0x93, 0xDF, 0x1F, 0x00, 0x13, 0xFE, 0x1F, 0x00, 0x23, 0xA2,
    0x72, 0x10, 0xF9, 0x3C, 0x72, 0x0E, 0x33, 0x6E, 0x6E, 0x00, 0x23, 0xA0, 0xC2, 0x11, 0xC9, 0x3C,
    0x93, 0xDF, 0x1F, 0x00, 0x13, 0xFE, 0x1F, 0x00, 0x23, 0xA2, 0x72, 0x10, 0xD1, 0x34, 0x72, 0x0E,
    0x33, 0x6E, 0x6E, 0x00, 0x23, 0xA0, 0xC2, 0x11, 0x65, 0x3C, 0x93, 0xDF, 0x1F, 0x00, 0x13, 0xFE,
    0x1F, 0x00, 0x23, 0xA2, 0x72, 0x10, 0x6D, 0x34, 0x72, 0x0E, 0x33, 0x6E, 0x6E, 0x00, 0x23, 0xA0,
    0xC2, 0x11, 0x79, 0x3C, 0x93, 0xDF, 0x1F, 0x00, 0x13, 0xFE, 0x1F, 0x00, 0x23, 0xA2, 0x72, 0x10,
    0x41, 0x3C, 0x72, 0x0E, 0x33, 0x6E, 0x6E, 0x00, 0x23, 0xA0, 0xC2, 0x11, 0x51, 0x34, 0x93, 0xDF,
    0x1F, 0x00, 0x13, 0xFE, 0x1F, 0x00, 0x23, 0xA2, 0x72, 0x10, 0x9D, 0x3C, 0x72, 0x0E, 0x33, 0x6E,
    0x6E, 0x00, 0x23, 0xA0, 0xC2, 0x11, 0xAD, 0x34, 0x93, 0xDF, 0x1F, 0x00, 0x13, 0xFE, 0x1F, 0x00,
    0x23, 0xA2, 0x72, 0x10, 0xB1, 0x3C, 0x72, 0x0E, 0x33, 0x6E, 0x6E, 0x00, 0x23, 0xA0, 0xC2, 0x11,
    0x81, 0x3C, 0x93, 0xDF, 0x1F, 0x00, 0x13, 0xFE, 0x1F, 0x00, 0x23, 0xA2, 0x72, 0x10, 0x89, 0x34,
    0x72, 0x0E, 0x33, 0x6E, 0x6E, 0x00, 0x23, 0xA0, 0xC2, 0x11, 0x1D, 0x3C, 0x93, 0xDF, 0x1F, 0x00,
    0x13, 0xFE, 0x1F, 0x00, 0x23, 0xA2, 0x72, 0x10, 0x25, 0x34, 0x13, 0x9E, 0xC7, 0x01, 0x33, 0x6E,
    0x6E, 0x00, 0x23, 0xA0, 0xC2, 0x11, 0x29, 0x3C, 0xB7, 0x0E, 0x00, 0x10, 0x01, 0x00, 0x23, 0xA2,
    0x72, 0x10, 0x39, 0x34, 0x01, 0x00, 0x01, 0x00, 0x23, 0xA2, 0xD2, 0x11, 0x11, 0x34, 0x82, 0x40,
    0x11, 0x01, 0x82, 0x80, 0x89, 0x4E, 0x11, 0x4F, 0x63, 0x05, 0xD5, 0x01, 0x63, 0x03, 0xE5, 0x01,
    0x09, 0xA0, 0xB7, 0x0E, 0x00, 0x10, 0x23, 0xA2, 0xD2, 0x11, 0x82, 0x40, 0x11, 0x01, 0x82, 0x80,
    0x71, 0x11, 0x06, 0xC0, 0xB7, 0x02, 0x0C, 0x00, 0x37, 0x03, 0x00, 0x40, 0xB7, 0x03, 0x00, 0x08,
    0x13, 0x7E, 0x15, 0x00, 0x72, 0x0E, 0x33, 0x6E, 0x6E, 0x00, 0x23, 0xA0, 0xC2, 0x11, 0xC9, 0x32,
    0x05, 0x81, 0x13, 0x7E, 0x15, 0x00, 0x23, 0xA2, 0x72, 0x10, 0x5D, 0x3A, 0x72, 0x0E, 0x33, 0x6E,
    0x6E, 0x00, 0x23, 0xA0, 0xC2, 0x11, 0x6D, 0x32, 0x05, 0x81, 0x13, 0x7E, 0x15, 0x00, 0x23, 0xA2,
    0x72, 0x10, 0x79, 0x3A, 0x72, 0x0E, 0x33, 0x6E, 0x6E, 0x00, 0x23, 0xA0, 0xC2, 0x11, 0x49, 0x3A,
    0x05, 0x81, 0x13, 0x7E, 0x15, 0x00, 0x23, 0xA2, 0x72, 0x10, 0x59, 0x32, 0x72, 0x0E, 0x33, 0x6E,
    0x6E, 0x00, 0x23, 0xA0, 0xC2, 0x11, 0xAD, 0x3A, 0x05, 0x81, 0x13, 0x7E, 0x15, 0x00, 0x23, 0xA2,
    0x72, 0x10, 0xBD, 0x32, 0x72, 0x0E, 0x33, 0x6E, 0x6E, 0x00, 0x23, 0xA0, 0xC2, 0x11, 0x8D, 0x32,
    0x05, 0x81, 0x13, 0x7E, 0x15, 0x00, 0x23, 0xA2, 0x72, 0x10, 0x99, 0x3A, 0x72, 0x0E, 0x33, 0x6E,
    0x6E, 0x00, 0x23, 0xA0, 0xC2, 0x11, 0xA9, 0x32, 0x05, 0x81, 0x13, 0x7E, 0x15, 0x00, 0x23, 0xA2,
    0x72, 0x10, 0x3D, 0x3A, 0x72, 0x0E, 0x33, 0x6E, 0x6E, 0x00, 0x23, 0xA0, 0xC2, 0x11, 0x0D, 0x3A,
    0x05, 0x81, 0x13, 0x7E, 0x15, 0x00, 0x23, 0xA2, 0x72, 0x10, 0x1D, 0x32, 0x72, 0x0E, 0x33, 0x6E,
    0x6E, 0x00, 0x23, 0xA0, 0xC2, 0x11, 0x29, 0x3A, 0x05, 0x81, 0x13, 0x7E, 0x15, 0x00, 0x23, 0xA2,
    0x72, 0x10, 0x39, 0x32, 0x01, 0x00, 0x37, 0x0E, 0x00, 0x10, 0x23, 0xA4, 0x72, 0x10, 0x23, 0xA4,
    0x62, 0x10, 0x23, 0xA4, 0xC2, 0x21, 0xED, 0x38, 0x23, 0xA2, 0x72, 0x10, 0xD5, 0x38, 0x01, 0x00,
    0x93, 0x07, 0x00, 0x00, 0x23, 0xA4, 0x72, 0x10, 0xE5, 0x30, 0x01, 0x00, 0x03, 0xA8, 0x02, 0x00,
    0x23, 0xA2, 0x72, 0x10, 0xF1, 0x38, 0x01, 0x00, 0x13, 0x55, 0xC8, 0x49, 0x23, 0xA4, 0x72, 0x10,
    0xC1, 0x38, 0x01, 0x00, 0x03, 0xA8, 0x02, 0x00, 0x23, 0xA2, 0x72, 0x10, 0xD1, 0x30, 0x13, 0x58,
    0xC8, 0x49, 0x33, 0x25, 0xA8, 0x20, 0x23, 0xA4, 0x72, 0x10, 0x5D, 0x38, 0x05, 0x4E, 0x03, 0xA8,
    0x02, 0x00, 0x23, 0xA2, 0x72, 0x10, 0x6D, 0x30, 0x13, 0x58, 0xC8, 0x49, 0x33, 0x45, 0xA8, 0x20,
    0x05, 0x4E, 0x63, 0x16, 0xC5, 0x45, 0x93, 0x0E, 0x00, 0x00, 0x93, 0x07, 0x00, 0x00, 0x37, 0x0E,
    0x00, 0x80, 0x23, 0xA4, 0x72, 0x10, 0x69, 0x30, 0x01, 0x00, 0x03, 0xA8, 0x02, 0x00, 0x23, 0xA2,
    0x72, 0x10, 0xBD, 0x38, 0x93, 0x5F, 0xC8, 0x49, 0xB3, 0xE7, 0xF7, 0x01, 0x23, 0xA4, 0x72, 0x10,
    0x85, 0x38, 0x93, 0xD7, 0x17, 0x60, 0x03, 0xA8, 0x02, 0x00, 0x23, 0xA2, 0x72, 0x10, 0x8D, 0x30,
    0x93, 0x5F, 0xC8, 0x49, 0xB3, 0xE7, 0xF7, 0x01, 0x23, 0xA4, 0x72, 0x10, 0x91, 0x38, 0x93, 0xD7,
    0x17, 0x60, 0x03, 0xA8, 0x02, 0x00, 0x23, 0xA2, 0x72, 0x10, 0x99, 0x30, 0x93, 0x5F, 0xC8, 0x49,
    0xB3, 0xE7, 0xF7, 0x01, 0x23, 0xA4, 0x72, 0x10, 0x25, 0x38, 0x93, 0xD7, 0x17, 0x60, 0x03, 0xA8,
    0x02, 0x00, 0x23, 0xA2, 0x72, 0x10, 0x2D, 0x30, 0x93, 0x5F, 0xC8, 0x49, 0xB3, 0xE7, 0xF7, 0x01,
    0x23, 0xA4, 0x72, 0x10, 0x31, 0x38, 0x93, 0xD7, 0x17, 0x60, 0x03, 0xA8, 0x02, 0x00, 0x23, 0xA2,
    0x72, 0x10, 0x39, 0x30, 0x93, 0x5F, 0xC8, 0x49, 0xB3, 0xE7, 0xF7, 0x01, 0x23, 0xA4, 0x72, 0x10,
    0x01, 0x30, 0x93, 0xD7, 0x17, 0x60, 0x03, 0xA8, 0x02, 0x00, 0x23, 0xA2, 0x72, 0x10, 0xEF, 0xF0,
    0x2F, 0xFF, 0x93, 0x5F, 0xC8, 0x49, 0xB3, 0xE7, 0xF7, 0x01, 0x23, 0xA4, 0x72, 0x10, 0xEF, 0xF0,
    0x2F, 0xFE, 0x93, 0xD7, 0x17, 0x60, 0x03, 0xA8, 0x02, 0x00, 0x23, 0xA2, 0x72, 0x10, 0xEF, 0xF0,
    0x2F, 0xFD, 0x93, 0x5F, 0xC8, 0x49, 0xB3, 0xE7, 0xF7, 0x01, 0x23, 0xA4, 0x72, 0x10, 0xEF, 0xF0,
    0x2F, 0xFC, 0x93, 0xD7, 0x17, 0x60, 0x03, 0xA8, 0x02, 0x00, 0x23, 0xA2, 0x72, 0x10, 0xEF, 0xF0,
    0x2F, 0xFB, 0x93, 0x5F, 0xC8, 0x49, 0xB3, 0xE7, 0xF7, 0x01, 0x23, 0xA4, 0x72, 0x10, 0xEF, 0xF0,
    0x2F, 0xFA, 0x93, 0xD7, 0x17, 0x60, 0x03, 0xA8, 0x02, 0x00, 0x23, 0xA2, 0x72, 0x10, 0xEF, 0xF0,
    0x2F, 0xF9, 0x93, 0x5F, 0xC8, 0x49, 0xB3, 0xE7, 0xF7, 0x01, 0x23, 0xA4, 0x72, 0x10, 0xEF, 0xF0,
    0x2F, 0xF8, 0x93, 0xD7, 0x17, 0x60, 0x03, 0xA8, 0x02, 0x00, 0x23, 0xA2, 0x72, 0x10, 0xEF, 0xF0,
    0x2F, 0xF7, 0x93, 0x5F, 0xC8, 0x49, 0xB3, 0xE7, 0xF7, 0x01, 0x23, 0xA4, 0x72, 0x10, 0xEF, 0xF0,
    0x2F, 0xF6, 0x93, 0xD7, 0x17, 0x60, 0x03, 0xA8, 0x02, 0x00, 0x23, 0xA2, 0x72, 0x10, 0xEF, 0xF0,
    0x2F, 0xF5, 0x93, 0x5F, 0xC8, 0x49, 0xB3, 0xE7, 0xF7, 0x01, 0x23, 0xA4, 0x72, 0x10, 0xEF, 0xF0,
    0x2F, 0xF4, 0x93, 0xD7, 0x17, 0x60, 0x03, 0xA8, 0x02, 0x00, 0x23, 0xA2, 0x72, 0x10, 0xEF, 0xF0,
    0x2F, 0xF3, 0x93, 0x5F, 0xC8, 0x49, 0xB3, 0xE7, 0xF7, 0x01, 0x23, 0xA4, 0x72, 0x10, 0xEF, 0xF0,
    0x2F, 0xF2, 0x93, 0xD7, 0x17, 0x60, 0x03, 0xA8, 0x02, 0x00, 0x23, 0xA2, 0x72, 0x10, 0xEF, 0xF0,
    0x2F, 0xF1, 0x93, 0x5F, 0xC8, 0x49, 0xB3, 0xE7, 0xF7, 0x01, 0x23, 0xA4, 0x72, 0x10, 0xEF, 0xF0,
    0x2F, 0xF0, 0x93, 0xD7, 0x17, 0x60, 0x03, 0xA8, 0x02, 0x00, 0x23, 0xA2, 0x72, 0x10, 0xEF, 0xF0,
    0x2F, 0xEF, 0x93, 0x5F, 0xC8, 0x49, 0xB3, 0xE7, 0xF7, 0x01, 0x23, 0xA4, 0x72, 0x10, 0xEF, 0xF0,
    0x2F, 0xEE, 0x93, 0xD7, 0x17, 0x60, 0x03, 0xA8, 0x02, 0x00, 0x23, 0xA2, 0x72, 0x10, 0xEF, 0xF0,
    0x2F, 0xED, 0x93, 0x5F, 0xC8, 0x49, 0xB3, 0xE7, 0xF7, 0x01, 0x23, 0xA4, 0x72, 0x10, 0xEF, 0xF0,
    0x2F, 0xEC, 0x93, 0xD7, 0x17, 0x60, 0x03, 0xA8, 0x02, 0x00, 0x23, 0xA2, 0x72, 0x10, 0xEF, 0xF0,
    0x2F, 0xEB, 0x93, 0x5F, 0xC8, 0x49, 0xB3, 0xE7, 0xF7, 0x01, 0x23, 0xA4, 0x72, 0x10, 0xEF, 0xF0,
    0x2F, 0xEA, 0x93, 0xD7, 0x17, 0x60, 0x03, 0xA8, 0x02, 0x00, 0x23, 0xA2, 0x72, 0x10, 0xEF, 0xF0,
    0x2F, 0xE9, 0x93, 0x5F, 0xC8, 0x49, 0xB3, 0xE7, 0xF7, 0x01, 0x23, 0xA4, 0x72, 0x10, 0xEF, 0xF0,
    0x2F, 0xE8, 0x93, 0xD7, 0x17, 0x60, 0x03, 0xA8, 0x02, 0x00, 0x23, 0xA2, 0x72, 0x10, 0xEF, 0xF0,
    0x2F, 0xE7, 0x93, 0x5F, 0xC8, 0x49, 0xB3, 0xE7, 0xF7, 0x01, 0x23, 0xA4, 0x72, 0x10, 0xEF, 0xF0,
    0x2F, 0xE6, 0x93, 0xD7, 0x17, 0x60, 0x03, 0xA8, 0x02, 0x00, 0x23, 0xA2, 0x72, 0x10, 0xEF, 0xF0,
    0x2F, 0xE5, 0x93, 0x5F, 0xC8, 0x49, 0xB3, 0xE7, 0xF7, 0x01, 0x23, 0xA4, 0x72, 0x10, 0xEF, 0xF0,
    0x2F, 0xE4, 0x93, 0xD7, 0x17, 0x60, 0x03, 0xA8, 0x02, 0x00, 0x23, 0xA2, 0x72, 0x10, 0xEF, 0xF0,
    0x2F, 0xE3, 0x93, 0x5F, 0xC8, 0x49, 0xB3, 0xE7, 0xF7, 0x01, 0x23, 0xA4, 0x72, 0x10, 0xEF, 0xF0,
    0x2F, 0xE2, 0x93, 0xD7, 0x17, 0x60, 0x03, 0xA8, 0x02, 0x00, 0x23, 0xA2, 0x72, 0x10, 0xEF, 0xF0,
    0x2F, 0xE1, 0x93, 0x5F, 0xC8, 0x49, 0xB3, 0xE7, 0xF7, 0x01, 0x23, 0xA4, 0x72, 0x10, 0xEF, 0xF0,
    0x2F, 0xE0, 0x93, 0xD7, 0x17, 0x60, 0x03, 0xA8, 0x02, 0x00, 0x23, 0xA2, 0x72, 0x10, 0xEF, 0xF0,
    0x2F, 0xDF, 0x93, 0x5F, 0xC8, 0x49, 0xB3, 0xE7, 0xF7, 0x01, 0x23, 0xA4, 0x72, 0x10, 0xEF, 0xF0,
    0x2F, 0xDE, 0x93, 0xD7, 0x17, 0x60, 0x03, 0xA8, 0x02, 0x00, 0x23, 0xA2, 0x72, 0x10, 0xEF, 0xF0,
    0x2F, 0xDD, 0x93, 0x5F, 0xC8, 0x49, 0xB3, 0xE7, 0xF7, 0x01, 0x23, 0xA4, 0x72, 0x10, 0xEF, 0xF0,
    0x2F, 0xDC, 0x93, 0xD7, 0x17, 0x60, 0x03, 0xA8, 0x02, 0x00, 0x23, 0xA2, 0x72, 0x10, 0xEF, 0xF0,
    0x2F, 0xDB, 0x93, 0x5F, 0xC8, 0x49, 0xB3, 0xE7, 0xF7, 0x01, 0x23, 0xA4, 0x72, 0x10, 0xEF, 0xF0,
    0x2F, 0xDA, 0x93, 0xD7, 0x17, 0x60, 0x03, 0xA8, 0x02, 0x00, 0x23, 0xA2, 0x72, 0x10, 0xEF, 0xF0,
    0x2F, 0xD9, 0x93, 0x5F, 0xC8, 0x49, 0xB3, 0xE7, 0xF7, 0x01, 0x23, 0xA4, 0x72, 0x10, 0xEF, 0xF0,
    0x2F, 0xD8, 0x93, 0xD7, 0x17, 0x60, 0x03, 0xA8, 0x02, 0x00, 0x23, 0xA2, 0x72, 0x10, 0xEF, 0xF0,
    0x2F, 0xD7, 0x93, 0x5F, 0xC8, 0x49, 0xB3, 0xE7, 0xF7, 0x01, 0x23, 0xA4, 0x72, 0x10, 0xEF, 0xF0,
    0x2F, 0xD6, 0x93, 0xD7, 0x17, 0x60, 0x03, 0xA8, 0x02, 0x00, 0x23, 0xA2, 0x72, 0x10, 0xEF, 0xF0,
    0x2F, 0xD5, 0x93, 0x5F, 0xC8, 0x49, 0xB3, 0xE7, 0xF7, 0x01, 0x23, 0xA4, 0x72, 0x10, 0xEF, 0xF0,
    0x2F, 0xD4, 0x93, 0xD7, 0x17, 0x60, 0x03, 0xA8, 0x02, 0x00, 0x23, 0xA2, 0x72, 0x10, 0xEF, 0xF0,
    0x2F, 0xD3, 0x93, 0x5F, 0xC8, 0x49, 0xB3, 0xE7, 0xF7, 0x01, 0x23, 0xA4, 0x72, 0x10, 0xEF, 0xF0,
    0x2F, 0xD2, 0x93, 0xD7, 0x17, 0x60, 0x03, 0xA8, 0x02, 0x00, 0x23, 0xA2, 0x72, 0x10, 0xEF, 0xF0,
    0x2F, 0xD1, 0x93, 0x5F, 0xC8, 0x49, 0xB3, 0xE7, 0xF7, 0x01, 0x23, 0xA4, 0x72, 0x10, 0xEF, 0xF0,
    0x2F, 0xD0, 0x93, 0xD7, 0x17, 0x60, 0x03, 0xA8, 0x02, 0x00, 0x23, 0xA2, 0x72, 0x10, 0xEF, 0xF0,
    0x2F, 0xCF, 0x93, 0x5F, 0xC8, 0x49, 0xB3, 0xE7, 0xF7, 0x01, 0x23, 0xA4, 0x72, 0x10, 0xEF, 0xF0,
    0x2F, 0xCE, 0x93, 0xD7, 0x17, 0x60, 0x03, 0xA8, 0x02, 0x00, 0x23, 0xA2, 0x72, 0x10, 0xEF, 0xF0,
    0x2F, 0xCD, 0x93, 0x5F, 0xC8, 0x49, 0xB3, 0xE7, 0xF7, 0x01, 0x23, 0xA4, 0x72, 0x10, 0xEF, 0xF0,
    0x2F, 0xCC, 0x93, 0xD7, 0x17, 0x60, 0x03, 0xA8, 0x02, 0x00, 0x23, 0xA2, 0x72, 0x10, 0xEF, 0xF0,
    0x2F, 0xCB, 0x85, 0x83, 0x0E, 0x08, 0x23, 0xA4, 0x72, 0x10, 0xEF, 0xF0, 0x6F, 0xCA, 0x33, 0x78,
    0xC8, 0x01, 0x83, 0xAE, 0x02, 0x00, 0x23, 0xA2, 0x72, 0x10, 0xEF, 0xF0, 0x6F, 0xC9, 0xB3, 0xE7,
    0x07, 0x01, 0x01, 0x00, 0x23, 0xA4, 0x72, 0x10, 0xEF, 0xF0, 0x8F, 0xC8, 0x93, 0xDE, 0xCE, 0x49,
    0x13, 0x9F, 0x27, 0x60, 0x23, 0xA2, 0x72, 0x10, 0x23, 0xA2, 0x62, 0x10, 0xEF, 0xF0, 0x4F, 0xC7,
    0x13, 0x7F, 0x1F, 0x00, 0x37, 0x0E, 0x00, 0x10, 0x23, 0xA2, 0xC2, 0x21, 0x23, 0xA2, 0xC2, 0x11,
    0x9C, 0xC1, 0x63, 0x83, 0xEE, 0x01, 0x21, 0x45, 0x82, 0x40, 0x11, 0x01, 0x82, 0x80, 0x89, 0x4E,
    0x11, 0x4F, 0x63, 0x05, 0xD5, 0x01, 0x63, 0x03, 0xE5, 0x01, 0x15, 0xA8, 0x23, 0xA4, 0x72, 0x10,
    0x23, 0xA2, 0x62, 0x10, 0x37, 0x0E, 0x00, 0x10, 0xEF, 0xF0, 0x8F, 0xC3, 0x23, 0xA2, 0x72, 0x10,
    0x01, 0x00, 0x01, 0x00, 0xEF, 0xF0, 0xCF, 0xC2, 0x23, 0xA2, 0xC2, 0x11, 0x01, 0x00, 0x01, 0x00,
    0xEF, 0xF0, 0x0F, 0xC2, 0x23, 0xA2, 0xC2, 0x21, 0x82, 0x40, 0x11, 0x01, 0x82, 0x80, 0x23, 0xA4,
    0x72, 0x10, 0x23, 0xA2, 0x62, 0x10, 0x37, 0x0E, 0x00, 0x10, 0xEF, 0xF0, 0x6F, 0xC0, 0x23, 0xA2,
    0x72, 0x10, 0x01, 0x00, 0x01, 0x00, 0xEF, 0xF0, 0xAF, 0xBF, 0x23, 0xA2, 0xC2, 0x11, 0x23, 0xA2,
    0xC2, 0x21, 0x82, 0x40, 0x11, 0x01, 0x82, 0x80,
};
// clang-format on

// SWD Dynamic load buffer
__attribute__((section(".fast.swd_ops"), aligned(8))) uint32_t swd_ops[1536] = {0};

typedef void (*swd_sequence_ptr)(uint32_t count, const uint8_t *data, uint32_t delay);
typedef uint8_t (*swd_write_ptr)(uint32_t request, uint32_t *data, uint32_t delay);
typedef uint8_t (*swd_read_ptr)(uint32_t request, uint32_t *data, uint32_t delay);

swd_sequence_ptr seq_func = NULL;
swd_write_ptr write_func = NULL;
swd_read_ptr read_func = NULL;

void SWD_DynamicLoad_Slow(void)
{
    memcpy(swd_ops, swd_func_slow, sizeof(swd_func_slow));
    __asm volatile("fence.i");

    seq_func = (swd_sequence_ptr)((uint32_t)swd_ops + SWJ_SEQUENCE_OFFSET_SLOW);
    write_func = (swd_write_ptr)((uint32_t)swd_ops + SWD_WRITE_OFFSET_SLOW);
    read_func = (swd_read_ptr)((uint32_t)swd_ops + SWD_READ_OFFSET_SLOW);
}

void SWD_DynamicLoad_60M(void)
{
    memcpy(swd_ops, swd_func_60m, sizeof(swd_func_60m));
    __asm volatile("fence.i");

    seq_func = (swd_sequence_ptr)((uint32_t)swd_ops + SWJ_SEQUENCE_OFFSET_60M);
    write_func = (swd_write_ptr)((uint32_t)swd_ops + SWD_WRITE_OFFSET_60M);
    read_func = (swd_read_ptr)((uint32_t)swd_ops + SWD_READ_OFFSET_60M);
}

void SWD_DynamicLoad_45M(void)
{
    memcpy(swd_ops, swd_func_45m, sizeof(swd_func_45m));
    __asm volatile("fence.i");

    seq_func = (swd_sequence_ptr)((uint32_t)swd_ops + SWJ_SEQUENCE_OFFSET_45M);
    write_func = (swd_write_ptr)((uint32_t)swd_ops + SWD_WRITE_OFFSET_45M);
    read_func = (swd_read_ptr)((uint32_t)swd_ops + SWD_READ_OFFSET_45M);
}

void SWD_DynamicLoad_36M(void)
{
    memcpy(swd_ops, swd_func_36m, sizeof(swd_func_36m));
    __asm volatile("fence.i");

    seq_func = (swd_sequence_ptr)((uint32_t)swd_ops + SWJ_SEQUENCE_OFFSET_36M);
    write_func = (swd_write_ptr)((uint32_t)swd_ops + SWD_WRITE_OFFSET_36M);
    read_func = (swd_read_ptr)((uint32_t)swd_ops + SWD_READ_OFFSET_36M);
}

void SWD_DynamicLoad_30M(void)
{
    memcpy(swd_ops, swd_func_30m, sizeof(swd_func_30m));
    __asm volatile("fence.i");

    seq_func = (swd_sequence_ptr)((uint32_t)swd_ops + SWJ_SEQUENCE_OFFSET_30M);
    write_func = (swd_write_ptr)((uint32_t)swd_ops + SWD_WRITE_OFFSET_30M);
    read_func = (swd_read_ptr)((uint32_t)swd_ops + SWD_READ_OFFSET_30M);
}

void SWD_DynamicLoad_20M(void)
{
    memcpy(swd_ops, swd_func_20m, sizeof(swd_func_20m));
    __asm volatile("fence.i");

    seq_func = (swd_sequence_ptr)((uint32_t)swd_ops + SWJ_SEQUENCE_OFFSET_20M);
    write_func = (swd_write_ptr)((uint32_t)swd_ops + SWD_WRITE_OFFSET_20M);
    read_func = (swd_read_ptr)((uint32_t)swd_ops + SWD_READ_OFFSET_20M);
}

#if ((DAP_SWD != 0) || (DAP_JTAG != 0))
/**
 * @brief Generate SWJ Sequence
 * @param count sequence bit count
 * @param data pointer to sequence bit data
 * @return none
 */
ATTR_RAMFUNC void SWJ_Sequence(uint32_t count, const uint8_t *data)
{
    seq_func(count, data, DAP_Data.clock_delay);
}
#endif

#if (DAP_SWD != 0)
/**
 * @brief Generate SWD Sequence
 * @param info sequence information
 * @param swdo pointer to SWDIO generated data
 * @param swdi pointer to SWDIO captured data
 * @return none
 */
ATTR_RAMFUNC void SWD_Sequence(uint32_t info, const uint8_t *swdo, uint8_t *swdi)
{
    // SWD_Sequence_GPIO_Fast(info, swdo, swdi);
    SWD_Sequence_GPIO_Slow(info, swdo, swdi);
}
#endif

/**
 * @brief SWD Write
 * @param request A[3:2] RnW APnDP
 * @param data DATA[31:0]
 * @return ACK[2:0]
 */
ATTR_RAMFUNC uint8_t SWD_Write(uint32_t request, uint32_t *data)
{
    uint8_t header = 0x81 | ((request & 0x0F) << 1) | (((request ^ (request >> 1) ^ (request >> 2) ^ (request >> 3)) & 1) << 5);

    uint8_t ack = write_func(header, data, DAP_Data.clock_delay);
    if (request & DAP_TRANSFER_TIMESTAMP)
    {
        DAP_Data.timestamp = TIMESTAMP_GET();
    }
    return ack;
}

/**
 * @brief SWD Read
 * @param request A[3:2] RnW APnDP
 * @param data DATA[31:0]
 * @return ACK[2:0]
 */
ATTR_RAMFUNC uint8_t SWD_Read(uint32_t request, uint32_t *data)
{
    uint8_t header = 0x81 | ((request & 0x0F) << 1) | (((request ^ (request >> 1) ^ (request >> 2) ^ (request >> 3)) & 1) << 5);

    uint8_t ack = read_func(header, data, DAP_Data.clock_delay);
    if (request & DAP_TRANSFER_TIMESTAMP)
    {
        DAP_Data.timestamp = TIMESTAMP_GET();
    }
    return ack;
}
